time,Open,High,Low,Close
2012-01-02,610,610,600,605
2012-01-03,610,620,605,615
2012-01-04,625,650,615,635
2012-01-05,635,660,630,660
2012-01-06,660,680,660,670
2012-01-09,670,675,665,675
2012-01-10,675,680,660,680
2012-01-11,675,685,650,660
2012-01-12,660,670,655,665
2012-01-13,665,670,655,670
2012-01-16,665,725,665,725
2012-01-17,725,730,695,705
2012-01-18,710,710,690,700
2012-01-19,700,720,700,710
2012-01-20,710,715,680,690
2012-01-24,695,695,665,670
2012-01-25,670,690,670,690
2012-01-26,690,695,680,690
2012-01-27,690,700,685,690
2012-01-30,690,695,685,690
2012-01-31,690,730,685,730
2012-02-01,720,725,715,725
2012-02-02,725,730,710,730
2012-02-03,730,730,720,725
2012-02-06,730,730,720,725
2012-02-07,730,745,725,735
2012-02-08,735,745,730,745
2012-02-09,740,740,725,735
2012-02-10,735,735,700,705
2012-02-13,705,710,700,710
2012-02-14,710,730,710,730
2012-02-15,735,755,735,750
2012-02-16,745,745,730,735
2012-02-17,745,745,735,745
2012-02-20,750,775,745,770
2012-02-21,770,780,760,765
2012-02-22,765,775,755,760
2012-02-23,750,760,745,760
2012-02-24,745,755,735,745
2012-02-27,745,745,730,740
2012-02-28,740,740,710,720
2012-02-29,720,725,710,720
2012-03-01,720,740,710,740
2012-03-02,740,750,735,750
2012-03-05,750,755,745,755
2012-03-06,750,755,740,755
2012-03-07,740,755,740,755
2012-03-08,750,760,745,760
2012-03-09,760,785,760,785
2012-03-12,780,825,780,810
2012-03-13,820,830,815,825
2012-03-14,830,835,805,810
2012-03-15,800,825,800,815
2012-03-16,810,815,800,810
2012-03-19,810,820,810,820
2012-03-20,810,830,810,820
2012-03-21,810,820,790,795
2012-03-22,795,795,780,785
2012-03-26,795,815,795,805
2012-03-27,810,870,810,860
2012-03-28,860,885,845,860
2012-03-29,860,870,850,860
2012-03-30,850,860,850,860
2012-04-02,855,865,850,860
2012-04-03,860,860,835,840
2012-04-04,840,840,810,815
2012-04-05,805,840,800,820
2012-04-09,820,820,800,810
2012-04-10,810,820,810,820
2012-04-11,810,815,800,815
2012-04-12,815,820,805,810
2012-04-13,815,865,815,855
2012-04-16,855,870,850,855
2012-04-17,855,855,840,845
2012-04-18,850,855,845,850
2012-04-19,850,855,850,855
2012-04-20,855,855,840,855
2012-04-23,850,870,825,835
2012-04-24,835,845,835,845
2012-04-25,845,845,830,845
2012-04-26,845,845,835,845
2012-04-27,845,845,825,830
2012-04-30,830,830,810,825
2012-05-01,820,825,810,820
2012-05-02,825,840,820,835
2012-05-03,830,835,820,825
2012-05-04,830,830,815,815
2012-05-07,800,810,785,810
2012-05-08,810,810,795,800
2012-05-09,800,805,760,770
2012-05-10,770,785,755,785
2012-05-11,780,780,760,770
2012-05-14,770,780,760,765
2012-05-15,760,765,735,755
2012-05-16,745,745,705,720
2012-05-21,710,715,675,690
2012-05-22,690,735,690,735
2012-05-23,730,730,710,725
2012-05-24,725,730,715,720
2012-05-25,720,720,690,695
2012-05-28,695,705,680,705
2012-05-29,705,715,695,710
2012-05-30,700,720,700,705
2012-05-31,685,690,665,675
2012-06-01,645,685,645,675
2012-06-04,635,655,630,650
2012-06-05,670,680,660,680
2012-06-06,690,725,690,725
2012-06-07,740,750,725,740
2012-06-08,735,740,705,720
2012-06-11,730,740,725,730
2012-06-12,725,730,710,730
2012-06-13,740,755,740,745
2012-06-14,730,735,715,725
2012-06-15,730,745,695,695
2012-06-18,720,730,700,710
2012-06-19,695,710,695,705
2012-06-20,710,725,710,725
2012-06-21,720,725,695,705
2012-06-22,695,695,680,695
2012-06-25,690,710,690,695
2012-06-26,690,705,685,695
2012-06-27,690,705,690,700
2012-06-28,700,705,685,695
2012-06-29,695,710,690,695
2012-07-02,705,725,700,720
2012-07-03,730,755,725,750
2012-07-04,750,780,750,780
2012-07-05,780,780,760,770
2012-07-06,770,780,765,775
2012-07-09,770,775,755,770
2012-07-10,770,790,765,780
2012-07-11,775,775,745,755
2012-07-12,750,750,715,720
2012-07-13,715,740,710,725
2012-07-16,730,750,730,750
2012-07-17,755,775,750,760
2012-07-18,755,760,730,740
2012-07-19,745,755,735,740
2012-07-20,735,750,720,725
2012-07-23,720,720,705,720
2012-07-24,715,725,705,715
2012-07-25,710,720,705,720
2012-07-26,720,725,705,710
2012-07-27,720,745,720,735
2012-07-30,745,750,735,740
2012-07-31,740,740,715,730
2012-08-01,720,730,715,715
2012-08-02,705,710,695,700
2012-08-03,680,695,680,695
2012-08-06,705,710,670,675
2012-08-07,675,690,665,680
2012-08-08,680,700,675,695
2012-08-09,700,705,695,705
2012-08-10,700,705,695,705
2012-08-13,710,710,700,710
2012-08-14,705,710,700,710
2012-08-15,700,710,700,710
2012-08-16,710,735,705,725
2012-08-23,720,750,720,745
2012-08-24,735,745,735,745
2012-08-28,735,740,720,730
2012-08-29,730,740,720,725
2012-08-30,725,725,685,695
2012-08-31,690,700,680,700
2012-09-03,695,730,690,730
2012-09-04,735,735,715,725
2012-09-05,725,730,715,730
2012-09-06,730,745,730,740
2012-09-07,750,755,740,755
2012-09-10,755,755,735,745
2012-09-11,740,750,735,750
2012-09-12,740,755,740,755
2012-09-13,755,765,755,765
2012-09-14,770,815,770,805
2012-09-17,805,810,800,805
2012-09-18,805,810,785,785
2012-09-19,790,795,765,770
2012-09-20,760,770,745,770
2012-09-21,770,780,765,780
2012-09-24,775,785,760,770
2012-09-25,770,780,760,775
2012-09-26,765,785,760,780
2012-09-27,775,815,775,815
2012-09-28,815,855,810,850
2012-10-01,830,840,825,835
2012-10-02,835,835,815,820
2012-10-03,820,820,795,810
2012-10-04,795,825,795,820
2012-10-05,825,835,810,825
2012-10-08,825,840,820,835
2012-10-09,835,835,820,830
2012-10-10,830,830,820,825
2012-10-11,825,845,825,835
2012-10-12,830,840,830,840
2012-10-15,840,855,835,855
2012-10-16,860,870,855,870
2012-10-17,880,910,880,895
2012-10-18,895,900,880,900
2012-10-19,890,895,885,890
2012-10-22,885,895,875,895
2012-10-23,890,900,885,895
2012-10-24,890,890,880,890
2012-10-25,890,895,885,890
2012-10-29,885,895,885,895
2012-10-30,890,895,885,895
2012-10-31,895,895,885,890
2012-11-01,885,890,880,880
2012-11-02,890,890,860,870
2012-11-05,860,875,860,865
2012-11-06,865,870,860,870
2012-11-07,865,895,865,890
2012-11-08,875,890,870,890
2012-11-09,885,910,885,910
2012-11-12,910,940,910,925
2012-11-13,925,935,915,935
2012-11-14,920,930,915,925
2012-11-19,925,935,890,895
2012-11-20,900,905,875,885
2012-11-21,885,890,865,870
2012-11-22,870,885,870,880
2012-11-23,880,885,865,870
2012-11-26,875,880,870,875
2012-11-27,880,885,870,875
2012-11-28,870,875,845,850
2012-11-29,850,860,850,860
2012-11-30,855,865,855,860
2012-12-03,850,865,825,835
2012-12-04,835,845,830,840
2012-12-05,835,840,825,835
2012-12-06,835,845,830,840
2012-12-07,835,840,830,835
2012-12-10,835,850,830,840
2012-12-11,840,840,820,835
2012-12-12,835,855,830,855
2012-12-13,850,850,830,835
2012-12-14,835,840,795,800
2012-12-17,795,805,790,805
2012-12-18,815,830,815,825
2012-12-19,830,845,830,840
2012-12-20,850,850,825,835
2012-12-21,825,830,810,815
2012-12-26,820,820,805,810
2012-12-27,810,815,800,810
2012-12-28,810,845,805,830
2013-01-02,830,840,810,825
2013-01-03,825,840,820,840
2013-01-04,840,840,830,830
2013-01-07,830,830,800,810
2013-01-08,810,815,795,800
2013-01-09,800,800,770,770
2013-01-10,775,790,760,765
2013-01-11,770,790,770,785
2013-01-14,785,805,785,805
2013-01-15,810,810,785,790
2013-01-16,790,795,780,795
2013-01-17,785,795,780,785
2013-01-18,790,805,790,805
2013-01-21,800,810,795,795
2013-01-22,795,795,780,790
2013-01-23,785,790,770,785
2013-01-25,775,780,755,755
2013-01-28,755,775,755,770
2013-01-29,765,775,765,775
2013-01-30,770,780,770,775
2013-01-31,775,775,760,775
2013-02-01,770,780,765,775
2013-02-04,780,795,780,785
2013-02-05,785,790,775,780
2013-02-06,790,795,780,790
2013-02-07,795,800,785,790
2013-02-08,800,810,795,800
2013-02-11,810,815,805,815
2013-02-12,820,820,800,805
2013-02-13,810,830,810,830
2013-02-14,830,845,825,835
2013-02-15,835,860,835,855
2013-02-18,850,855,835,845
2013-02-19,850,850,830,830
2013-02-20,835,835,815,825
2013-02-21,815,825,810,820
2013-02-22,815,845,815,840
2013-02-25,840,875,835,870
2013-02-26,865,865,850,865
2013-02-27,865,885,865,880
2013-02-28,885,900,880,895
2013-03-01,890,910,885,905
2013-03-04,905,925,900,925
2013-03-05,915,920,890,920
2013-03-06,920,940,910,940
2013-03-07,940,945,930,945
2013-03-08,940,955,940,950
2013-03-11,940,1020,940,980
2013-03-13,985,1010,970,985
2013-03-14,985,985,950,975
2013-03-15,980,1020,960,995
2013-03-18,995,1060,985,1030
2013-03-19,1020,1080,1020,1070
2013-03-20,1070,1110,1070,1100
2013-03-21,1100,1100,1080,1090
2013-03-22,1090,1090,1050,1060
2013-03-25,1060,1060,985,1040
2013-03-26,1040,1040,1030,1030
2013-03-27,1030,1060,1030,1050
2013-03-28,1050,1060,1000,1000
2013-04-01,990,1060,985,1060
2013-04-02,1050,1050,1020,1030
2013-04-03,1040,1040,990,1000
2013-04-04,995,995,970,980
2013-04-05,990,990,975,990
2013-04-08,985,1010,985,1000
2013-04-09,1000,1020,990,995
2013-04-10,1010,1020,995,1000
2013-04-11,1010,1040,1000,1000
2013-04-12,1010,1030,1010,1020
2013-04-15,1020,1030,1010,1010
2013-04-16,1000,1020,985,1010
2013-04-17,1020,1040,1020,1040
2013-04-18,1030,1060,1030,1050
2013-04-19,1050,1060,1030,1050
2013-04-22,1050,1070,1040,1060
2013-04-23,1060,1060,1030,1030
2013-04-24,1040,1050,1030,1040
2013-04-25,1040,1050,1030,1050
2013-04-26,1050,1050,1000,1010
2013-04-29,1010,1030,1010,1020
2013-04-30,1020,1040,1010,1030
2013-05-01,1030,1030,1010,1030
2013-05-02,1020,1030,1010,1020
2013-05-03,1010,1020,1000,1000
2013-05-06,980,990,970,975
2013-05-07,980,1010,980,1000
2013-05-08,1010,1050,1010,1040
2013-05-10,1040,1060,1030,1060
2013-05-13,1060,1080,1050,1070
2013-05-14,1070,1080,1060,1070
2013-05-15,1070,1070,1030,1040
2013-05-16,1040,1070,1040,1040
2013-05-17,1040,1060,1040,1050
2013-05-20,1060,1100,1050,1070
2013-05-21,1080,1100,1060,1080
2013-05-22,1080,1080,1050,1060
2013-05-23,1070,1100,1050,1070
2013-05-24,1070,1070,1040,1050
2013-05-27,1020,1040,995,1040
2013-05-28,1040,1050,1020,1040
2013-05-29,1040,1080,1030,1080
2013-05-30,1070,1090,1030,1050
2013-05-31,1050,1070,1030,1070
2013-06-03,1070,1190,1050,1160
2013-06-04,1170,1200,1120,1180
2013-06-05,1180,1220,1150,1190
2013-06-07,1180,1190,1130,1140
2013-06-10,1120,1160,1060,1100
2013-06-11,1100,1160,1080,1090
2013-06-12,1070,1090,995,1060
2013-06-13,1020,1020,980,980
2013-06-14,990,1020,990,1020
2013-06-17,1020,1060,1020,1040
2013-06-18,1070,1150,1070,1080
2013-06-19,1100,1140,1070,1110
2013-06-20,1090,1090,1050,1050
2013-06-21,1030,1030,960,960
2013-06-24,970,985,950,960
2013-06-25,955,970,925,945
2013-06-26,940,995,940,970
2013-06-27,990,1060,990,1040
2013-06-28,1060,1080,1020,1060
2013-07-01,1050,1090,1020,1060
2013-07-02,1060,1080,1050,1080
2013-07-03,1060,1080,980,980
2013-07-04,995,1010,960,975
2013-07-05,1000,1000,960,965
2013-07-08,960,960,895,905
2013-07-09,900,925,900,920
2013-07-10,920,955,920,930
2013-07-11,940,1000,940,980
2013-07-12,985,990,940,955
2013-07-15,965,965,925,940
2013-07-16,940,945,920,930
2013-07-17,925,955,925,950
2013-07-18,950,965,930,935
2013-07-19,935,955,930,930
2013-07-22,935,945,930,930
2013-07-23,940,950,935,945
2013-07-24,950,985,950,980
2013-07-25,985,1000,975,975
2013-07-26,975,980,955,955
2013-07-29,965,965,950,950
2013-07-30,955,960,930,930
2013-07-31,930,935,865,865
2013-08-01,880,890,865,880
2013-08-02,890,910,885,895
2013-08-12,900,945,890,945
2013-08-13,950,970,945,970
2013-08-14,975,985,960,980
2013-08-15,980,990,970,980
2013-08-16,980,990,960,980
2013-08-19,980,980,885,900
2013-08-20,880,890,850,880
2013-08-21,880,930,865,930
2013-08-22,920,935,825,850
2013-08-23,840,880,840,850
2013-08-26,865,865,815,830
2013-08-27,800,800,740,775
2013-08-28,755,755,695,710
2013-08-29,720,780,715,780
2013-08-30,780,800,770,795
2013-09-02,805,810,770,795
2013-09-03,795,800,785,800
2013-09-04,790,795,770,780
2013-09-05,775,780,710,720
2013-09-06,700,725,700,705
2013-09-09,715,730,715,725
2013-09-10,730,765,725,755
2013-09-11,770,795,765,790
2013-09-12,800,835,795,835
2013-09-13,835,840,810,820
2013-09-16,820,865,820,860
2013-09-17,860,860,840,855
2013-09-18,850,860,850,850
2013-09-19,880,930,880,895
2013-09-20,895,900,885,895
2013-09-23,880,910,855,885
2013-09-24,885,885,820,840
2013-09-25,840,845,830,840
2013-09-26,830,855,825,850
2013-09-27,850,860,850,860
2013-09-30,855,855,800,800
2013-10-01,800,840,800,830
2013-10-02,850,855,840,845
2013-10-03,845,855,845,850
2013-10-04,855,870,845,850
2013-10-07,850,880,850,875
2013-10-08,880,930,880,915
2013-10-09,930,945,925,945
2013-10-10,945,945,915,925
2013-10-11,930,940,925,930
2013-10-16,940,960,930,945
2013-10-17,955,970,935,945
2013-10-18,955,980,935,980
2013-10-21,990,1020,960,980
2013-10-22,965,965,940,945
2013-10-23,960,960,945,950
2013-10-24,960,995,950,990
2013-10-25,995,1010,990,1010
2013-10-28,1020,1060,1020,1060
2013-10-29,1070,1070,1020,1020
2013-10-30,1020,1030,990,1010
2013-10-31,995,1010,960,970
2013-11-01,970,985,945,945
2013-11-04,955,970,940,955
2013-11-06,950,990,950,970
2013-11-07,980,1010,980,985
2013-11-08,980,1010,970,985
2013-11-11,985,1010,960,980
2013-11-12,980,990,950,950
2013-11-13,940,940,885,885
2013-11-14,900,915,895,910
2013-11-15,910,925,890,900
2013-11-18,900,920,900,905
2013-11-19,905,945,905,935
2013-11-20,945,995,945,990
2013-11-21,990,990,960,970
2013-11-22,995,995,960,965
2013-11-25,970,970,950,955
2013-11-26,950,950,910,910
2013-11-27,910,945,910,935
2013-11-28,940,955,935,945
2013-11-29,940,950,935,935
2013-12-02,945,965,940,960
2013-12-03,955,975,955,970
2013-12-04,965,970,955,960
2013-12-05,960,970,955,965
2013-12-06,965,995,965,980
2013-12-09,990,995,975,980
2013-12-10,970,990,970,970
2013-12-11,970,970,935,940
2013-12-12,940,970,925,965
2013-12-13,945,960,945,950
2013-12-16,950,955,940,945
2013-12-17,955,975,950,950
2013-12-18,950,965,945,955
2013-12-19,960,970,950,950
2013-12-20,950,960,920,955
2013-12-23,955,965,905,905
2013-12-24,910,915,880,895
2013-12-27,900,900,880,880
2013-12-30,885,895,870,875
2014-01-02,875,905,875,895
2014-01-03,905,915,890,895
2014-01-06,900,900,870,887
2014-01-07,886,886,875,884
2014-01-08,886,891,879,889
2014-01-09,889,899,886,892
2014-01-10,890,915,890,904
2014-01-13,910,950,906,950
2014-01-15,952,964,936,950
2014-01-16,946,946,926,926
2014-01-17,922,949,920,937
2014-01-20,920,936,920,928
2014-01-21,924,932,924,926
2014-01-22,924,926,910,916
2014-01-23,918,921,889,889
2014-01-24,888,903,885,894
2014-01-27,885,885,865,870
2014-01-28,853,871,835,838
2014-01-29,844,885,844,882
2014-01-30,862,890,860,880
2014-02-03,880,888,875,880
2014-02-04,860,879,857,874
2014-02-05,880,880,850,857
2014-02-06,857,864,840,840
2014-02-07,847,864,845,857
2014-02-10,864,899,860,888
2014-02-11,894,908,894,901
2014-02-12,908,908,898,900
2014-02-13,900,904,893,897
2014-02-14,900,904,895,900
2014-02-17,904,913,902,912
2014-02-18,912,925,911,916
2014-02-19,918,918,894,895
2014-02-20,895,914,895,907
2014-02-21,910,918,910,915
2014-02-24,915,920,913,918
2014-02-25,920,923,902,909
2014-02-26,909,918,907,909
2014-02-27,909,921,907,920
2014-02-28,920,921,912,912
2014-03-03,910,921,898,920
2014-03-04,921,945,921,944
2014-03-05,946,956,946,956
2014-03-06,953,957,938,950
2014-03-07,960,961,942,949
2014-03-10,949,965,943,959
2014-03-11,960,964,950,952
2014-03-12,950,950,928,935
2014-03-13,935,935,926,930
2014-03-14,929,960,915,956
2014-03-17,956,1040,955,1010
2014-03-18,1010,1030,995,1005
2014-03-19,1000,1010,971,975
2014-03-20,965,972,965,966
2014-03-21,975,981,972,975
2014-03-24,972,980,930,943
2014-03-25,950,960,946,960
2014-03-26,970,974,963,967
2014-03-27,966,968,961,965
2014-03-28,964,971,964,967
2014-04-01,975,1030,973,1015
2014-04-02,1035,1040,1010,1015
2014-04-03,1010,1010,982,986
2014-04-04,989,990,966,975
2014-04-07,968,988,968,986
2014-04-08,986,989,980,980
2014-04-10,925,960,925,943
2014-04-11,940,957,930,932
2014-04-14,945,955,934,950
2014-04-15,959,973,952,971
2014-04-16,971,978,957,960
2014-04-17,960,961,952,955
2014-04-21,955,956,942,946
2014-04-22,944,962,940,957
2014-04-23,958,962,948,952
2014-04-24,950,958,947,958
2014-04-25,964,964,955,957
2014-04-28,957,972,956,960
2014-04-29,960,964,949,954
2014-04-30,964,966,949,954
2014-05-02,949,950,931,931
2014-05-05,920,935,920,923
2014-05-06,922,926,915,915
2014-05-07,913,917,908,911
2014-05-08,911,920,910,911
2014-05-09,911,915,909,910
2014-05-12,910,934,910,931
2014-05-13,938,946,929,932
2014-05-14,930,943,930,942
2014-05-16,938,938,925,928
2014-05-19,932,932,912,912
2014-05-20,922,924,875,876
2014-05-21,876,890,871,884
2014-05-22,894,897,884,889
2014-05-23,893,896,887,887
2014-05-26,888,891,887,888
2014-05-28,890,892,888,892
2014-05-30,892,895,825,825
2014-06-02,845,862,835,860
2014-06-03,860,873,854,872
2014-06-04,872,878,871,877
2014-06-05,876,876,865,869
2014-06-06,869,869,858,859
2014-06-09,862,863,849,852
2014-06-10,860,880,856,879
2014-06-11,880,905,880,904
2014-06-12,908,914,898,910
2014-06-13,910,922,905,921
2014-06-16,921,925,916,920
2014-06-17,922,928,905,910
2014-06-18,917,927,910,916
2014-06-19,910,917,891,902
2014-06-20,902,902,880,882
2014-06-23,882,890,876,887
2014-06-24,899,915,893,900
2014-06-25,920,920,901,906
2014-06-26,906,906,886,887
2014-06-27,876,884,876,876
2014-06-30,860,876,860,866
2014-07-01,862,863,855,856
2014-07-02,864,876,858,874
2014-07-03,874,897,874,897
2014-07-04,900,910,899,904
2014-07-07,908,916,905,915
2014-07-08,908,915,903,903
2014-07-10,913,947,913,943
2014-07-11,943,943,930,931
2014-07-14,930,932,896,910
2014-07-15,912,929,912,925
2014-07-16,930,950,930,942
2014-07-17,942,944,910,910
2014-07-18,910,920,899,902
2014-07-21,903,920,900,904
2014-07-22,905,907,851,881
2014-07-23,900,900,887,887
2014-07-24,895,902,890,899
2014-07-25,904,904,878,880
2014-08-04,880,926,880,924
2014-08-05,922,925,906,924
2014-08-06,915,931,908,930
2014-08-07,932,933,920,921
2014-08-08,916,923,916,920
2014-08-11,922,939,922,938
2014-08-12,926,939,926,935
2014-08-13,936,960,935,960
2014-08-14,950,964,950,960
2014-08-15,959,986,956,986
2014-08-18,980,1015,976,1010
2014-08-19,1000,1010,976,990
2014-08-20,996,996,967,969
2014-08-21,972,998,972,998
2014-08-22,1000,1015,985,1010
2014-08-25,1010,1010,995,1000
2014-08-26,1010,1010,986,996
2014-08-27,992,996,982,983
2014-08-28,990,1025,990,1020
2014-08-29,1020,1075,1010,1050
2014-09-01,1050,1100,1050,1100
2014-09-02,1100,1145,1090,1135
2014-09-03,1130,1165,1110,1120
2014-09-04,1110,1120,1060,1060
2014-09-05,1065,1100,1050,1050
2014-09-08,1050,1070,1025,1060
2014-09-09,1040,1090,1040,1065
2014-09-10,1065,1075,1030,1065
2014-09-11,1065,1065,1045,1050
2014-09-12,1050,1050,1030,1045
2014-09-15,1045,1055,1025,1045
2014-09-16,1055,1055,1040,1045
2014-09-17,1050,1065,1045,1045
2014-09-18,1040,1075,1040,1050
2014-09-19,1055,1065,1045,1050
2014-09-22,1045,1060,1035,1050
2014-09-23,1050,1050,1035,1045
2014-09-24,1050,1060,1045,1055
2014-09-25,1055,1060,1045,1045
2014-09-26,1030,1045,1010,1040
2014-09-29,1040,1065,1035,1065
2014-09-30,1065,1095,1060,1090
2014-10-01,1090,1095,1060,1070
2014-10-02,1060,1060,1020,1035
2014-10-03,1030,1045,1015,1030
2014-10-06,1035,1045,1010,1010
2014-10-07,1035,1035,998,1005
2014-10-08,999,999,971,976
2014-10-09,977,984,974,974
2014-10-10,960,964,952,952
2014-10-13,952,962,952,960
2014-10-14,956,960,940,941
2014-10-15,950,961,948,961
2014-10-16,956,976,949,976
2014-10-17,980,989,965,984
2014-10-20,990,999,976,978
2014-10-21,962,972,960,962
2014-10-22,964,1000,964,993
2014-10-23,993,994,979,981
2014-10-24,981,990,979,984
2014-10-27,984,990,983,989
2014-10-28,985,989,959,961
2014-10-29,963,968,949,953
2014-10-30,954,965,948,960
2014-10-31,960,986,960,985
2014-11-03,985,990,968,970
2014-11-04,970,984,965,976
2014-11-05,976,982,966,968
2014-11-06,974,975,961,964
2014-11-07,960,964,954,955
2014-11-10,955,955,930,937
2014-11-11,930,939,908,913
2014-11-12,913,931,913,924
2014-11-13,924,929,918,928
2014-11-14,930,938,930,937
2014-11-17,937,939,932,932
2014-11-18,940,951,933,939
2014-11-19,942,944,936,941
2014-11-20,940,941,918,920
2014-11-21,920,929,920,927
2014-11-24,930,937,927,934
2014-11-25,934,934,921,925
2014-11-26,924,925,918,921
2014-11-27,918,935,918,930
2014-11-28,932,934,922,930
2014-12-01,930,930,918,921
2014-12-02,926,936,920,920
2014-12-03,921,923,887,887
2014-12-04,892,908,876,904
2014-12-05,905,908,896,905
2014-12-08,906,912,898,907
2014-12-09,904,905,895,895
2014-12-10,900,915,895,914
2014-12-11,913,919,905,919
2014-12-12,919,936,913,934
2014-12-15,930,935,924,934
2014-12-16,930,930,907,910
2014-12-17,905,912,886,886
2014-12-18,890,899,863,866
2014-12-19,870,876,854,857
2014-12-22,861,865,833,835
2014-12-23,840,851,835,841
2014-12-24,844,848,813,816
2014-12-29,816,822,790,816
2014-12-30,817,824,797,824
2015-01-02,824,900,822,900
2015-01-05,900,915,886,910
2015-01-06,900,912,890,910
2015-01-07,910,919,901,908
2015-01-08,910,926,910,915
2015-01-09,916,924,916,921
2015-01-12,921,921,910,916
2015-01-13,925,925,910,917
2015-01-14,906,920,906,906
2015-01-15,906,919,906,916
2015-01-16,916,921,910,918
2015-01-19,919,921,890,902
2015-01-20,902,903,896,902
2015-01-21,905,919,900,915
2015-01-22,920,921,902,906
2015-01-23,919,920,880,892
2015-01-26,899,901,885,891
2015-01-27,900,928,894,922
2015-01-28,921,930,919,924
2015-01-29,920,943,917,940
2015-01-30,944,950,936,939
2015-02-02,938,938,919,930
2015-02-03,929,936,917,917
2015-02-04,927,929,917,918
2015-02-05,920,920,913,913
2015-02-06,916,923,916,921
2015-02-09,921,944,921,935
2015-02-10,936,944,935,940
2015-02-11,940,962,937,952
2015-02-12,955,978,954,971
2015-02-13,973,983,973,979
2015-02-16,984,984,945,958
2015-02-17,948,965,948,963
2015-02-18,972,976,967,972
2015-02-20,972,979,972,974
2015-02-23,975,984,961,962
2015-02-24,962,969,942,968
2015-02-25,969,976,962,969
2015-02-26,969,974,963,969
2015-02-27,970,975,966,974
2015-03-02,974,996,974,995
2015-03-03,998,1010,998,998
2015-03-04,998,1015,990,1010
2015-03-05,1005,1015,1000,1015
2015-03-06,1020,1025,995,995
2015-03-09,990,1010,980,1000
2015-03-10,1005,1040,1000,1035
2015-03-11,1020,1030,1015,1030
2015-03-12,1030,1030,1010,1015
2015-03-13,1020,1035,1020,1025
2015-03-16,1025,1030,999,1005
2015-03-17,1005,1010,999,1000
2015-03-18,1000,1015,1000,1005
2015-03-19,1015,1020,982,991
2015-03-20,1000,1010,960,960
2015-03-23,970,1010,970,1005
2015-03-24,1000,1015,1000,1015
2015-03-25,1005,1015,999,1000
2015-03-26,983,1005,982,999
2015-03-27,990,1005,990,999
2015-03-30,1000,1030,999,1000
2015-03-31,1020,1040,1015,1025
2015-04-01,1035,1070,1030,1070
2015-04-02,1070,1115,1070,1105
2015-04-06,1110,1115,1065,1105
2015-04-07,1115,1125,1100,1120
2015-04-08,1100,1120,1085,1115
2015-04-09,1130,1135,1090,1090
2015-04-10,1085,1105,1035,1045
2015-04-13,1045,1055,1015,1025
2015-04-14,1030,1030,992,1000
2015-04-15,1005,1015,998,1005
2015-04-16,1015,1035,1010,1015
2015-04-17,1020,1070,1020,1065
2015-04-20,1060,1085,1045,1075
2015-04-21,1075,1105,1070,1100
2015-04-22,1105,1110,1100,1100
2015-04-23,1060,1095,1060,1080
2015-04-24,1060,1070,1025,1030
2015-04-27,1040,1040,1005,1020
2015-04-28,1020,1040,1010,1040
2015-04-29,1045,1060,1015,1040
2015-04-30,1060,1060,1040,1040
2015-05-04,1040,1040,1000,1000
2015-05-05,1005,1030,1005,1005
2015-05-06,1015,1060,1005,1055
2015-05-07,1055,1075,1035,1040
2015-05-08,1055,1085,1040,1060
2015-05-11,1080,1085,1055,1065
2015-05-12,1060,1065,1020,1020
2015-05-13,1025,1065,1025,1045
2015-05-15,1075,1080,1050,1075
2015-05-18,1085,1090,1065,1085
2015-05-19,1090,1145,1085,1120
2015-05-20,1140,1155,1110,1145
2015-05-21,1140,1140,1115,1120
2015-05-22,1110,1125,1100,1120
2015-05-25,1120,1120,1080,1110
2015-05-26,1110,1120,1080,1080
2015-05-27,1080,1110,1065,1095
2015-05-28,1095,1120,1085,1100
2015-05-29,1120,1140,1095,1095
2015-06-01,1095,1110,1085,1110
2015-06-03,1110,1110,1070,1090
2015-06-04,1070,1110,1070,1110
2015-06-05,1110,1140,1090,1140
2015-06-08,1140,1145,1090,1090
2015-06-09,1080,1125,1020,1030
2015-06-10,1040,1115,1040,1090
2015-06-11,1115,1130,1105,1130
2015-06-12,1130,1140,1125,1125
2015-06-15,1130,1130,1100,1100
2015-06-16,1130,1130,1110,1120
2015-06-17,1125,1130,1105,1110
2015-06-18,1110,1130,1105,1125
2015-06-19,1130,1130,1120,1125
2015-06-22,1125,1130,1115,1120
2015-06-23,1125,1130,1100,1115
2015-06-24,1115,1245,1115,1180
2015-06-25,1170,1240,1160,1220
2015-06-26,1220,1240,1180,1210
2015-06-29,1210,1225,1180,1195
2015-06-30,1200,1200,1160,1185
2015-07-01,1180,1180,1160,1165
2015-07-02,1170,1175,1135,1140
2015-07-03,1140,1170,1130,1130
2015-07-06,1115,1150,1100,1100
2015-07-07,1090,1135,1085,1110
2015-07-08,1110,1110,1085,1085
2015-07-09,1075,1085,1050,1070
2015-07-10,1070,1105,1060,1060
2015-07-13,1065,1080,1040,1045
2015-07-14,1060,1100,1060,1085
2015-07-15,1095,1125,1090,1110
2015-07-22,1120,1170,1120,1150
2015-07-23,1150,1170,1150,1165
2015-07-24,1170,1185,1165,1175
2015-07-27,1160,1180,1140,1180
2015-07-28,1180,1205,1140,1205
2015-07-29,1205,1220,1180,1180
2015-07-30,1180,1200,1140,1160
2015-07-31,1160,1180,1140,1150
2015-08-03,1150,1155,1130,1135
2015-08-04,1115,1145,1110,1140
2015-08-05,1145,1190,1145,1185
2015-08-06,1190,1200,1170,1180
2015-08-07,1180,1185,1165,1180
2015-08-10,1165,1165,1140,1150
2015-08-11,1150,1160,1135,1145
2015-08-12,1125,1140,1100,1130
2015-08-13,1140,1160,1135,1155
2015-08-14,1155,1155,1080,1125
2015-08-18,1125,1135,1100,1110
2015-08-19,1120,1125,1105,1115
2015-08-20,1105,1125,1105,1110
2015-08-21,1110,1115,1100,1100
2015-08-24,1080,1125,1045,1120
2015-08-25,1100,1115,1085,1085
2015-08-26,1070,1100,1050,1080
2015-08-27,1090,1180,1090,1145
2015-08-28,1160,1200,1160,1200
2015-08-31,1200,1220,1190,1215
2015-09-01,1215,1215,1145,1160
2015-09-02,1150,1190,1145,1150
2015-09-03,1160,1175,1125,1140
2015-09-04,1140,1140,1100,1105
2015-09-07,1105,1120,1100,1100
2015-09-08,1100,1145,1100,1135
2015-09-09,1145,1180,1145,1160
2015-09-10,1155,1190,1135,1155
2015-09-11,1140,1160,1120,1125
2015-09-14,1130,1170,1130,1150
2015-09-15,1140,1140,1110,1115
2015-09-16,1140,1140,1110,1115
2015-09-17,1120,1155,1120,1155
2015-09-18,1160,1175,1150,1150
2015-09-21,1140,1155,1125,1145
2015-09-22,1155,1180,1155,1180
2015-09-23,1160,1170,1140,1160
2015-09-25,1170,1205,1170,1200
2015-09-28,1200,1200,1170,1175
2015-09-29,1175,1190,1150,1190
2015-09-30,1170,1190,1150,1170
2015-10-01,1170,1170,1145,1155
2015-10-02,1155,1165,1145,1155
2015-10-05,1155,1170,1135,1170
2015-10-06,1190,1195,1170,1195
2015-10-07,1200,1200,1140,1140
2015-10-08,1150,1165,1135,1145
2015-10-09,1160,1180,1150,1170
2015-10-12,1175,1190,1165,1185
2015-10-13,1185,1185,1160,1175
2015-10-15,1190,1190,1160,1175
2015-10-16,1185,1210,1170,1210
2015-10-19,1220,1245,1195,1205
2015-10-20,1220,1220,1200,1205
2015-10-21,1220,1225,1205,1215
2015-10-22,1220,1220,1190,1200
2015-10-23,1200,1210,1160,1175
2015-10-26,1175,1180,1130,1150
2015-10-27,1160,1160,1125,1130
2015-10-28,1120,1150,1120,1145
2015-10-29,1160,1165,1120,1125
2015-10-30,1130,1180,1130,1180
2015-11-02,1180,1180,1160,1170
2015-11-03,1185,1185,1165,1170
2015-11-04,1180,1200,1170,1200
2015-11-05,1200,1210,1180,1185
2015-11-06,1200,1215,1190,1205
2015-11-09,1200,1200,1165,1190
2015-11-10,1180,1220,1170,1200
2015-11-11,1200,1205,1170,1195
2015-11-12,1195,1200,1155,1170
2015-11-13,1195,1230,1185,1220
2015-11-16,1220,1220,1200,1205
2015-11-17,1205,1240,1205,1230
2015-11-18,1230,1230,1180,1180
2015-11-19,1200,1220,1190,1210
2015-11-20,1210,1220,1200,1210
2015-11-23,1220,1220,1190,1195
2015-11-24,1200,1220,1185,1185
2015-11-25,1185,1195,1175,1195
2015-11-26,1200,1215,1180,1190
2015-11-27,1185,1205,1180,1205
2015-11-30,1200,1225,1180,1220
2015-12-01,1220,1245,1215,1245
2015-12-02,1250,1275,1245,1265
2015-12-03,1265,1270,1225,1240
2015-12-04,1240,1270,1240,1270
2015-12-07,1290,1355,1285,1350
2015-12-08,1360,1460,1350,1430
2015-12-10,1400,1400,1320,1340
2015-12-11,1350,1395,1345,1365
2015-12-14,1350,1385,1325,1385
2015-12-15,1360,1375,1340,1345
2015-12-16,1345,1400,1345,1400
2015-12-17,1415,1450,1400,1425
2015-12-18,1410,1415,1390,1415
2015-12-21,1405,1440,1405,1440
2015-12-22,1440,1440,1380,1415
2015-12-23,1390,1405,1375,1390
2015-12-28,1380,1420,1370,1370
2015-12-29,1380,1405,1380,1380
2015-12-30,1400,1435,1395,1435
2016-01-04,1425,1455,1420,1440
2016-01-05,1450,1450,1425,1425
2016-01-06,1450,1450,1415,1435
2016-01-07,1460,1580,1440,1520
2016-01-08,1570,1575,1490,1525
2016-01-11,1480,1495,1440,1445
2016-01-12,1455,1470,1440,1445
2016-01-13,1470,1475,1435,1440
2016-01-14,1420,1435,1375,1400
2016-01-15,1400,1410,1355,1360
2016-01-18,1360,1425,1340,1405
2016-01-19,1425,1435,1405,1435
2016-01-20,1425,1440,1410,1440
2016-01-21,1450,1450,1410,1410
2016-01-22,1440,1440,1390,1405
2016-01-25,1425,1435,1400,1430
2016-01-26,1425,1430,1415,1420
2016-01-27,1425,1510,1420,1490
2016-01-28,1490,1495,1450,1475
2016-01-29,1460,1470,1435,1470
2016-02-01,1480,1485,1430,1480
2016-02-02,1495,1525,1480,1505
2016-02-03,1505,1560,1490,1560
2016-02-04,1560,1630,1555,1625
2016-02-05,1625,1690,1625,1675
2016-02-09,1675,1675,1625,1635
2016-02-10,1665,1665,1575,1580
2016-02-11,1560,1600,1560,1595
2016-02-12,1595,1635,1580,1580
2016-02-15,1580,1595,1555,1570
2016-02-16,1560,1560,1520,1525
2016-02-17,1520,1545,1520,1535
2016-02-18,1540,1560,1535,1550
2016-02-19,1570,1570,1535,1540
2016-02-22,1540,1550,1520,1525
2016-02-23,1525,1540,1445,1445
2016-02-24,1460,1530,1455,1530
2016-02-25,1515,1545,1515,1545
2016-02-26,1560,1560,1545,1555
2016-02-29,1545,1635,1490,1635
2016-03-01,1615,1615,1570,1585
2016-03-02,1595,1600,1535,1535
2016-03-03,1555,1560,1535,1560
2016-03-04,1570,1570,1535,1540
2016-03-07,1560,1560,1540,1540
2016-03-08,1555,1555,1520,1540
2016-03-10,1555,1560,1540,1555
2016-03-11,1555,1585,1545,1570
2016-03-14,1575,1590,1540,1540
2016-03-15,1540,1545,1500,1530
2016-03-16,1500,1515,1485,1485
2016-03-17,1490,1505,1490,1505
2016-03-18,1505,1515,1455,1480
2016-03-21,1475,1485,1415,1425
2016-03-22,1430,1470,1430,1445
2016-03-23,1445,1450,1405,1415
2016-03-24,1405,1405,1365,1385
2016-03-28,1385,1395,1360,1370
2016-03-29,1375,1390,1350,1375
2016-03-30,1380,1420,1375,1420
2016-03-31,1430,1435,1375,1390
2016-04-01,1385,1390,1355,1380
2016-04-04,1380,1415,1375,1400
2016-04-05,1400,1410,1390,1400
2016-04-06,1400,1420,1385,1390
2016-04-07,1390,1395,1360,1365
2016-04-08,1365,1365,1340,1350
2016-04-11,1350,1355,1300,1320
2016-04-12,1300,1340,1285,1295
2016-04-13,1300,1330,1300,1325
2016-04-14,1335,1380,1330,1380
2016-04-15,1390,1395,1355,1365
2016-04-18,1350,1370,1340,1370
2016-04-19,1370,1375,1335,1350
2016-04-20,1350,1350,1315,1315
2016-04-21,1335,1345,1320,1330
2016-04-22,1320,1335,1320,1325
2016-04-25,1320,1345,1320,1330
2016-04-26,1330,1340,1305,1320
2016-04-27,1320,1335,1290,1335
2016-04-28,1335,1340,1305,1310
2016-04-29,1310,1310,1270,1300
2016-05-02,1280,1295,1260,1270
2016-05-03,1265,1275,1205,1210
2016-05-04,1195,1200,1150,1180
2016-05-09,1180,1245,1165,1210
2016-05-10,1200,1290,1200,1290
2016-05-11,1295,1300,1250,1280
2016-05-12,1270,1290,1250,1275
2016-05-13,1260,1275,1215,1225
2016-05-16,1200,1215,1145,1150
2016-05-17,1170,1200,1155,1180
2016-05-18,1190,1245,1180,1235
2016-05-19,1250,1250,1205,1235
2016-05-20,1230,1235,1210,1230
2016-05-23,1230,1235,1215,1230
2016-05-24,1230,1235,1200,1200
2016-05-25,1200,1215,1185,1190
2016-05-26,1210,1215,1185,1190
2016-05-27,1190,1230,1190,1205
2016-05-30,1220,1275,1210,1260
2016-05-31,1260,1280,1250,1280
2016-06-01,1285,1295,1270,1285
2016-06-02,1280,1280,1235,1245
2016-06-03,1235,1255,1235,1240
2016-06-06,1245,1255,1215,1225
2016-06-07,1225,1245,1215,1230
2016-06-08,1235,1240,1200,1215
2016-06-09,1215,1225,1205,1215
2016-06-10,1205,1225,1205,1210
2016-06-13,1210,1235,1205,1220
2016-06-14,1215,1225,1180,1190
2016-06-15,1190,1200,1180,1185
2016-06-16,1185,1195,1180,1180
2016-06-17,1185,1195,1160,1185
2016-06-20,1190,1230,1185,1220
2016-06-21,1220,1235,1215,1225
2016-06-22,1230,1230,1215,1225
2016-06-23,1225,1250,1225,1235
2016-06-24,1235,1265,1235,1250
2016-06-27,1260,1265,1235,1245
2016-06-28,1235,1240,1215,1215
2016-06-29,1230,1270,1225,1270
2016-06-30,1285,1285,1270,1280
2016-07-01,1295,1295,1280,1285
2016-07-11,1320,1345,1305,1345
2016-07-12,1350,1355,1325,1330
2016-07-13,1340,1340,1295,1310
2016-07-14,1315,1315,1280,1305
2016-07-15,1305,1325,1295,1310
2016-07-18,1325,1345,1310,1345
2016-07-19,1360,1375,1355,1360
2016-07-20,1375,1385,1340,1355
2016-07-21,1360,1365,1300,1305
2016-07-22,1320,1345,1315,1345
2016-07-25,1360,1380,1350,1380
2016-07-26,1380,1380,1360,1360
2016-07-27,1360,1380,1350,1375
2016-07-28,1370,1375,1315,1345
2016-07-29,1340,1380,1315,1350
2016-08-01,1350,1360,1340,1360
2016-08-02,1370,1380,1345,1345
2016-08-03,1350,1355,1335,1355
2016-08-04,1355,1365,1320,1330
2016-08-05,1340,1345,1325,1340
2016-08-08,1350,1370,1345,1370
2016-08-09,1370,1380,1355,1360
2016-08-10,1370,1420,1360,1405
2016-08-11,1405,1410,1385,1395
2016-08-12,1395,1410,1340,1365
2016-08-15,1380,1380,1335,1350
2016-08-16,1360,1375,1355,1375
2016-08-18,1380,1380,1350,1350
2016-08-19,1350,1370,1330,1330
2016-08-22,1330,1340,1320,1340
2016-08-23,1325,1340,1310,1330
2016-08-24,1340,1340,1310,1330
2016-08-25,1335,1360,1315,1360
2016-08-26,1360,1375,1335,1365
2016-08-29,1365,1380,1360,1375
2016-08-30,1375,1390,1345,1390
2016-08-31,1385,1390,1330,1335
2016-09-01,1330,1350,1330,1350
2016-09-02,1355,1375,1345,1350
2016-09-05,1360,1375,1360,1370
2016-09-06,1370,1380,1350,1380
2016-09-07,1380,1390,1355,1380
2016-09-08,1380,1385,1355,1380
2016-09-09,1380,1380,1360,1360
2016-09-13,1360,1380,1290,1290
2016-09-14,1300,1370,1240,1330
2016-09-15,1330,1330,1295,1325
2016-09-16,1345,1345,1290,1295
2016-09-19,1285,1320,1285,1310
2016-09-20,1290,1335,1290,1335
2016-09-21,1340,1340,1310,1325
2016-09-22,1315,1340,1305,1315
2016-09-23,1310,1355,1295,1355
2016-09-26,1350,1350,1310,1325
2016-09-27,1305,1340,1295,1340
2016-09-28,1320,1335,1290,1290
2016-09-29,1295,1315,1290,1315
2016-09-30,1315,1315,1290,1290
2016-10-03,1295,1310,1285,1300
2016-10-04,1310,1335,1300,1330
2016-10-05,1330,1335,1300,1320
2016-10-06,1325,1325,1295,1300
2016-10-07,1300,1305,1280,1285
2016-10-10,1295,1295,1275,1275
2016-10-11,1290,1290,1275,1280
2016-10-12,1290,1290,1265,1265
2016-10-13,1280,1290,1270,1275
2016-10-14,1285,1315,1280,1315
2016-10-17,1315,1315,1290,1315
2016-10-18,1320,1365,1305,1365
2016-10-19,1370,1380,1345,1380
2016-10-20,1380,1380,1330,1330
2016-10-21,1330,1365,1305,1305
2016-10-24,1325,1365,1320,1360
2016-10-25,1370,1395,1360,1395
2016-10-26,1395,1395,1370,1370
2016-10-27,1365,1380,1350,1380
2016-10-28,1380,1380,1350,1350
2016-10-31,1350,1420,1350,1420
2016-11-01,1400,1415,1370,1375
2016-11-02,1400,1410,1360,1360
2016-11-03,1360,1365,1300,1300
2016-11-04,1300,1350,1295,1350
2016-11-07,1340,1350,1305,1345
2016-11-08,1350,1405,1350,1400
2016-11-09,1410,1410,1345,1390
2016-11-10,1400,1410,1360,1385
2016-11-11,1355,1360,1300,1305
2016-11-14,1300,1355,1285,1305
2016-11-15,1305,1330,1260,1305
2016-11-16,1310,1385,1310,1370
2016-11-17,1380,1385,1325,1380
2016-11-18,1380,1400,1355,1395
2016-11-21,1365,1385,1355,1385
2016-11-22,1370,1385,1335,1340
2016-11-23,1330,1350,1320,1325
2016-11-24,1315,1345,1290,1290
2016-11-25,1320,1335,1300,1330
2016-11-28,1315,1330,1290,1290
2016-11-29,1290,1330,1290,1300
2016-11-30,1300,1355,1285,1335
2016-12-01,1350,1355,1275,1285
2016-12-02,1275,1290,1260,1290
2016-12-05,1290,1300,1290,1300
2016-12-06,1300,1310,1285,1295
2016-12-07,1295,1300,1275,1300
2016-12-08,1280,1285,1260,1270
2016-12-09,1270,1285,1270,1280
2016-12-13,1275,1300,1270,1295
2016-12-14,1295,1305,1260,1260
2016-12-15,1255,1260,1250,1260
2016-12-16,1265,1265,1220,1220
2016-12-19,1220,1240,1190,1195
2016-12-20,1195,1195,1150,1155
2016-12-21,1165,1175,1140,1140
2016-12-22,1135,1140,1080,1100
2016-12-23,1090,1135,1090,1115
2016-12-27,1120,1160,1120,1145
2016-12-28,1155,1180,1150,1165
2016-12-29,1150,1200,1150,1195
2016-12-30,1180,1205,1180,1200
2017-01-03,1165,1195,1150,1165
2017-01-04,1150,1185,1130,1185
2017-01-05,1180,1190,1150,1170
2017-01-06,1150,1180,1150,1180
2017-01-09,1165,1195,1165,1190
2017-01-10,1195,1250,1190,1250
2017-01-11,1250,1250,1225,1250
2017-01-12,1235,1245,1230,1240
2017-01-13,1250,1250,1210,1225
2017-01-16,1220,1235,1200,1210
2017-01-17,1220,1235,1200,1200
2017-01-18,1220,1220,1200,1210
2017-01-19,1220,1290,1220,1280
2017-01-20,1280,1315,1265,1300
2017-01-23,1300,1375,1300,1350
2017-01-24,1355,1370,1350,1365
2017-01-25,1360,1375,1320,1370
2017-01-26,1360,1365,1335,1365
2017-01-27,1365,1365,1320,1340
2017-01-30,1340,1340,1315,1330
2017-01-31,1345,1345,1325,1335
2017-02-01,1335,1345,1320,1330
2017-02-02,1340,1380,1325,1380
2017-02-03,1380,1395,1380,1385
2017-02-06,1385,1395,1370,1380
2017-02-07,1365,1370,1340,1340
2017-02-08,1330,1355,1330,1330
2017-02-09,1335,1340,1295,1315
2017-02-10,1310,1320,1285,1295
2017-02-13,1310,1335,1300,1330
2017-02-14,1330,1350,1310,1310
2017-02-16,1310,1325,1290,1305
2017-02-17,1300,1300,1280,1285
2017-02-20,1285,1295,1220,1225
2017-02-21,1225,1245,1220,1230
2017-02-22,1235,1270,1225,1270
2017-02-23,1280,1320,1280,1320
2017-02-24,1330,1370,1285,1355
2017-02-27,1340,1345,1285,1285
2017-02-28,1285,1295,1265,1270
2017-03-01,1280,1280,1250,1250
2017-03-02,1250,1270,1235,1250
2017-03-03,1235,1260,1230,1240
2017-03-06,1255,1275,1240,1265
2017-03-07,1265,1275,1230,1235
2017-03-08,1240,1245,1220,1225
2017-03-09,1225,1245,1210,1245
2017-03-10,1240,1250,1220,1225
2017-03-13,1240,1260,1225,1255
2017-03-14,1260,1265,1245,1255
2017-03-15,1255,1265,1250,1260
2017-03-16,1260,1315,1240,1305
2017-03-17,1320,1320,1265,1320
2017-03-20,1285,1340,1285,1340
2017-03-21,1320,1345,1300,1335
2017-03-22,1310,1325,1290,1315
2017-03-23,1295,1345,1295,1320
2017-03-24,1325,1330,1290,1320
2017-03-27,1340,1350,1250,1270
2017-03-29,1285,1295,1260,1280
2017-03-30,1275,1280,1255,1260
2017-03-31,1250,1260,1235,1250
2017-04-03,1250,1275,1250,1255
2017-04-04,1255,1300,1255,1295
2017-04-05,1295,1300,1245,1250
2017-04-06,1240,1260,1225,1230
2017-04-07,1245,1270,1240,1270
2017-04-10,1270,1275,1250,1270
2017-04-11,1270,1280,1265,1275
2017-04-12,1280,1280,1260,1280
2017-04-13,1270,1325,1270,1310
2017-04-17,1320,1325,1295,1305
2017-04-18,1305,1320,1290,1310
2017-04-20,1310,1310,1270,1285
2017-04-21,1285,1325,1270,1320
2017-04-25,1320,1325,1300,1320
2017-04-26,1320,1340,1315,1340
2017-04-27,1350,1380,1350,1370
2017-04-28,1370,1370,1350,1355
2017-05-02,1360,1365,1330,1330
2017-05-03,1320,1320,1275,1290
2017-05-04,1285,1285,1250,1260
2017-05-05,1260,1290,1245,1290
2017-05-08,1290,1340,1280,1340
2017-05-09,1340,1340,1300,1315
2017-05-10,1305,1315,1265,1270
2017-05-12,1350,1350,1260,1270
2017-05-15,1260,1280,1255,1260
2017-05-16,1260,1275,1240,1255
2017-05-17,1260,1265,1245,1255
2017-05-18,1245,1285,1245,1265
2017-05-19,1255,1275,1255,1275
2017-05-22,1280,1295,1275,1290
2017-05-23,1300,1300,1265,1270
2017-05-24,1250,1285,1250,1280
2017-05-26,1260,1280,1250,1260
2017-05-29,1255,1260,1240,1240
2017-05-30,1250,1270,1250,1260
2017-05-31,1270,1325,1260,1325
2017-06-02,1300,1350,1295,1340
2017-06-05,1350,1350,1330,1335
2017-06-06,1335,1335,1275,1295
2017-06-07,1300,1300,1255,1260
2017-06-08,1275,1295,1260,1280
2017-06-09,1280,1300,1280,1290
2017-06-12,1290,1300,1280,1280
2017-06-13,1280,1300,1280,1280
2017-06-14,1290,1330,1290,1315
2017-06-15,1315,1320,1275,1295
2017-06-16,1295,1295,1255,1260
2017-06-19,1260,1275,1260,1270
2017-06-20,1270,1305,1270,1300
2017-06-21,1275,1320,1275,1320
2017-06-22,1320,1320,1275,1305
2017-07-03,1320,1335,1280,1315
2017-07-04,1295,1310,1260,1260
2017-07-05,1265,1280,1250,1255
2017-07-06,1255,1270,1255,1260
2017-07-07,1270,1275,1260,1265
2017-07-10,1280,1280,1260,1260
2017-07-11,1260,1270,1255,1260
2017-07-12,1275,1275,1255,1255
2017-07-13,1265,1270,1255,1270
2017-07-14,1275,1275,1250,1260
2017-07-17,1270,1270,1255,1260
2017-07-18,1270,1275,1260,1275
2017-07-19,1290,1290,1260,1265
2017-07-20,1265,1275,1260,1260
2017-07-21,1265,1275,1260,1260
2017-07-24,1265,1290,1265,1290
2017-07-25,1290,1300,1280,1295
2017-07-26,1295,1305,1285,1290
2017-07-27,1310,1340,1295,1325
2017-07-28,1340,1380,1330,1355
2017-07-31,1375,1380,1350,1380
2017-08-01,1380,1400,1375,1390
2017-08-02,1375,1380,1335,1365
2017-08-03,1335,1345,1310,1315
2017-08-04,1310,1330,1310,1310
2017-08-07,1320,1325,1310,1320
2017-08-08,1320,1350,1320,1350
2017-08-09,1335,1350,1315,1315
2017-08-10,1300,1320,1300,1320
2017-08-11,1310,1315,1305,1305
2017-08-14,1330,1350,1320,1330
2017-08-15,1335,1345,1330,1335
2017-08-16,1330,1330,1310,1315
2017-08-18,1315,1365,1315,1350
2017-08-21,1350,1350,1300,1310
2017-08-22,1310,1330,1305,1325
2017-08-23,1325,1325,1305,1315
2017-08-24,1315,1320,1310,1320
2017-08-25,1315,1325,1310,1325
2017-08-28,1335,1355,1325,1345
2017-08-29,1360,1385,1360,1370
2017-08-30,1375,1390,1340,1355
2017-08-31,1355,1360,1335,1355
2017-09-04,1355,1390,1350,1370
2017-09-05,1380,1400,1375,1390
2017-09-06,1400,1420,1390,1420
2017-09-07,1420,1440,1400,1435
2017-09-08,1440,1445,1415,1440
2017-09-11,1450,1455,1405,1440
2017-09-12,1440,1440,1370,1380
2017-09-13,1375,1395,1355,1365
2017-09-14,1365,1380,1345,1370
2017-09-15,1370,1410,1365,1395
2017-09-18,1395,1410,1385,1385
2017-09-19,1390,1405,1385,1400
2017-09-20,1400,1405,1395,1400
2017-09-22,1400,1440,1400,1430
2017-09-25,1455,1455,1395,1415
2017-09-26,1400,1440,1390,1395
2017-09-27,1405,1440,1405,1425
2017-09-28,1420,1435,1380,1400
2017-09-29,1420,1430,1405,1420
2017-10-02,1430,1445,1420,1430
2017-10-03,1450,1450,1430,1440
2017-10-04,1440,1440,1420,1435
2017-10-05,1415,1440,1385,1400
2017-10-06,1395,1395,1375,1380
2017-10-09,1385,1430,1370,1410
2017-10-10,1430,1445,1400,1410
2017-10-11,1420,1450,1410,1450
2017-10-12,1420,1470,1420,1455
2017-10-13,1435,1465,1410,1445
2017-10-16,1450,1450,1405,1410
2017-10-17,1410,1425,1395,1410
2017-10-18,1415,1445,1390,1435
2017-10-19,1450,1475,1435,1470
2017-10-20,1460,1500,1445,1500
2017-10-23,1490,1500,1470,1490
2017-10-24,1485,1535,1485,1535
2017-10-25,1545,1600,1535,1580
2017-10-26,1580,1605,1570,1585
2017-10-27,1605,1605,1500,1520
2017-10-30,1520,1580,1450,1450
2017-10-31,1480,1500,1460,1490
2017-11-01,1480,1505,1445,1455
2017-11-02,1460,1520,1460,1515
2017-11-03,1520,1525,1465,1515
2017-11-06,1500,1530,1500,1530
2017-11-07,1530,1540,1485,1520
2017-11-08,1500,1525,1480,1500
2017-11-09,1485,1505,1460,1465
2017-11-10,1475,1475,1460,1460
2017-11-13,1475,1475,1450,1450
2017-11-14,1450,1475,1435,1435
2017-11-15,1435,1450,1385,1385
2017-11-16,1390,1445,1390,1405
2017-11-17,1415,1420,1380,1385
2017-11-20,1395,1400,1335,1335
2017-11-21,1350,1380,1330,1345
2017-11-22,1340,1355,1320,1325
2017-11-23,1335,1365,1330,1360
2017-11-24,1365,1380,1325,1340
2017-11-27,1340,1340,1315,1320
2017-11-28,1320,1320,1265,1280
2017-11-29,1295,1295,1270,1285
2017-11-30,1285,1295,1265,1270
2017-12-04,1280,1295,1255,1285
2017-12-05,1285,1285,1230,1230
2017-12-06,1230,1235,1215,1220
2017-12-07,1235,1260,1235,1235
2017-12-08,1255,1255,1240,1245
2017-12-11,1245,1265,1195,1215
2017-12-12,1225,1240,1215,1220
2017-12-13,1230,1255,1220,1255
2017-12-14,1260,1270,1240,1270
2017-12-15,1265,1265,1235,1260
2017-12-18,1245,1245,1215,1220
2017-12-19,1220,1225,1205,1210
2017-12-20,1210,1220,1185,1210
2017-12-21,1220,1255,1215,1245
2017-12-22,1260,1275,1240,1270
2017-12-27,1270,1295,1265,1290
2017-12-28,1285,1285,1255,1285
2017-12-29,1290,1290,1270,1270
2018-01-02,1275,1285,1235,1240
2018-01-03,1260,1265,1230,1235
2018-01-04,1240,1250,1240,1240
2018-01-05,1240,1240,1230,1240
2018-01-08,1250,1290,1245,1290
2018-01-09,1290,1315,1255,1260
2018-01-10,1260,1270,1240,1245
2018-01-11,1250,1270,1245,1255
2018-01-12,1255,1270,1250,1255
2018-01-15,1265,1265,1255,1265
2018-01-16,1265,1275,1260,1270
2018-01-17,1270,1290,1270,1285
2018-01-18,1290,1295,1260,1275
2018-01-19,1275,1275,1255,1260
2018-01-22,1260,1270,1240,1240
2018-01-23,1245,1260,1235,1245
2018-01-24,1255,1270,1240,1260
2018-01-25,1240,1265,1240,1255
2018-01-26,1255,1270,1245,1255
2018-01-29,1260,1280,1255,1280
2018-01-30,1280,1280,1245,1255
2018-01-31,1240,1260,1240,1245
2018-02-01,1250,1260,1200,1200
2018-02-02,1210,1220,1160,1165
2018-02-05,1165,1170,1125,1130
2018-02-06,1105,1125,1080,1125
2018-02-07,1130,1150,1110,1110
2018-02-08,1120,1155,1110,1145
2018-02-09,1130,1140,1130,1135
2018-02-12,1155,1180,1145,1180
2018-02-13,1190,1200,1175,1190
2018-02-14,1190,1200,1170,1185
2018-02-15,1200,1230,1185,1215
2018-02-19,1220,1240,1215,1230
2018-02-20,1235,1235,1190,1195
2018-02-21,1190,1205,1180,1200
2018-02-22,1190,1195,1170,1180
2018-02-23,1185,1200,1185,1185
2018-02-26,1185,1220,1180,1205
2018-02-27,1210,1210,1195,1205
2018-02-28,1200,1220,1185,1220
2018-03-01,1220,1230,1205,1230
2018-03-02,1220,1220,1180,1195
2018-03-05,1200,1205,1195,1205
2018-03-06,1210,1210,1190,1190
2018-03-07,1190,1190,1140,1165
2018-03-08,1190,1190,1170,1185
2018-03-09,1190,1195,1150,1155
2018-03-12,1160,1170,1145,1155
2018-03-13,1165,1170,1150,1170
2018-03-14,1170,1170,1140,1150
2018-03-15,1150,1175,1145,1160
2018-03-16,1165,1175,1150,1155
2018-03-19,1170,1220,1160,1220
2018-03-20,1220,1230,1190,1210
2018-03-21,1210,1215,1165,1195
2018-03-22,1200,1225,1190,1220
2018-03-23,1190,1195,1165,1185
2018-03-26,1190,1190,1150,1150
2018-03-27,1170,1170,1150,1150
2018-03-28,1140,1155,1115,1120
2018-03-29,1120,1135,1100,1135
2018-04-02,1135,1140,1120,1125
2018-04-03,1120,1140,1115,1135
2018-04-04,1130,1140,1090,1090
2018-04-05,1100,1110,1095,1105
2018-04-06,1105,1115,1095,1100
2018-04-09,1095,1120,1095,1105
2018-04-10,1105,1140,1100,1125
2018-04-11,1135,1175,1135,1165
2018-04-12,1165,1175,1130,1130
2018-04-13,1135,1140,1120,1120
2018-04-16,1120,1165,1120,1160
2018-04-17,1160,1160,1120,1125
2018-04-18,1130,1155,1120,1155
2018-04-19,1140,1165,1140,1165
2018-04-20,1160,1165,1150,1155
2018-04-23,1140,1150,1110,1115
2018-04-24,1125,1135,1115,1115
2018-04-25,1115,1120,1080,1080
2018-04-26,1080,1080,1000,1000
2018-04-27,1040,1060,964,972
2018-04-30,980,990,976,980
2018-05-02,980,990,976,976
2018-05-03,976,980,934,934
2018-05-04,940,946,902,902
2018-05-07,902,914,900,914
2018-05-08,920,922,896,902
2018-05-09,904,916,904,910
2018-05-11,920,964,920,960
2018-05-14,954,958,932,952
2018-05-15,940,952,928,950
2018-05-16,942,944,900,906
2018-05-17,910,914,890,904
2018-05-18,910,932,904,904
2018-05-21,910,928,904,918
2018-05-22,924,970,922,942
2018-05-23,948,948,910,912
2018-05-24,920,924,910,914
2018-05-25,916,924,904,914
2018-05-28,918,954,918,934
2018-05-30,934,956,930,938
2018-05-31,940,988,940,984
2018-06-04,1000,1015,986,986
2018-06-05,1000,1010,960,960
2018-06-06,964,972,940,940
2018-06-07,948,958,942,950
2018-06-08,958,958,916,916
2018-06-20,910,910,856,862
2018-06-21,860,870,828,830
2018-06-22,832,832,792,822
2018-06-25,830,866,826,856
2018-06-26,858,896,858,892
2018-06-27,896,914,884,890
2018-06-28,890,894,848,858
2018-06-29,858,866,836,860
2018-07-02,862,872,826,826
2018-07-03,830,832,792,808
2018-07-04,808,828,798,820
2018-07-05,828,832,812,826
2018-07-06,842,844,830,840
2018-07-09,840,862,840,860
2018-07-10,870,904,868,904
2018-07-11,898,926,892,922
2018-07-12,908,920,880,910
2018-07-13,916,922,904,908
2018-07-16,908,922,898,922
2018-07-17,922,940,914,940
2018-07-18,942,956,934,948
2018-07-19,956,956,942,946
2018-07-20,948,948,914,914
2018-07-23,914,928,906,906
2018-07-24,906,920,904,904
2018-07-25,912,916,886,890
2018-07-26,892,908,882,884
2018-07-27,886,890,878,884
2018-07-30,886,886,852,860
2018-07-31,864,866,834,842
2018-08-01,844,862,844,850
2018-08-02,854,860,848,850
2018-08-03,852,856,846,846
2018-08-06,844,856,842,850
2018-08-07,856,866,856,858
2018-08-08,860,866,856,864
2018-08-09,864,884,836,852
2018-08-10,858,858,846,854
2018-08-13,848,848,816,818
2018-08-14,812,812,760,810
2018-08-15,808,808,766,806
2018-08-16,790,804,774,802
2018-08-20,790,808,784,806
2018-08-21,806,820,804,820
2018-08-23,820,828,792,792
2018-08-24,790,792,770,770
2018-08-27,776,780,760,768
2018-08-28,774,776,756,756
2018-08-29,762,762,750,750
2018-08-30,756,770,752,756
2018-08-31,754,756,722,722
2018-09-03,732,740,720,722
2018-09-04,724,728,696,706
2018-09-05,702,702,646,666
2018-09-06,660,676,644,660
2018-09-07,660,674,650,662
2018-09-10,660,664,652,652
2018-09-12,652,704,652,698
2018-09-13,706,710,694,698
2018-09-14,698,720,688,720
2018-09-17,722,736,714,716
2018-09-18,714,722,702,710
2018-09-19,712,716,690,698
2018-09-20,702,722,700,714
2018-09-21,720,740,718,718
2018-09-24,720,724,706,708
2018-09-25,708,718,708,716
2018-09-26,716,732,716,718
2018-09-27,718,730,718,728
2018-09-28,728,734,722,734
2018-10-01,732,798,730,792
2018-10-02,792,816,786,814
2018-10-03,814,826,808,812
2018-10-04,806,806,770,778
2018-10-05,760,772,760,760
2018-10-08,762,772,758,760
2018-10-09,760,776,760,764
2018-10-10,768,778,768,776
2018-10-11,760,766,748,760
2018-10-12,760,764,746,748
2018-10-15,750,754,700,700
2018-10-16,700,710,692,708
2018-10-17,712,730,712,720
2018-10-18,718,728,710,724
2018-10-19,724,740,718,728
2018-10-22,732,740,720,730
2018-10-23,726,734,720,720
2018-10-24,722,726,706,706
2018-10-25,698,720,694,716
2018-10-26,716,736,716,728
2018-10-29,728,734,704,704
2018-10-30,702,704,686,686
2018-10-31,692,698,682,692
2018-11-01,694,702,690,700
2018-11-02,700,708,696,704
2018-11-05,700,708,696,706
2018-11-06,706,710,692,692
2018-11-07,696,700,686,690
2018-11-08,692,696,686,688
2018-11-09,688,688,672,686
2018-11-12,680,686,668,668
2018-11-13,668,680,658,680
2018-11-14,680,704,670,702
2018-11-15,702,736,702,730
2018-11-16,734,758,734,752
2018-11-19,754,754,728,752
2018-11-21,736,768,734,760
2018-11-22,760,814,760,798
2018-11-23,798,812,784,796
2018-11-26,800,810,782,786
2018-11-27,788,794,768,780
2018-11-28,780,784,764,780
2018-11-29,784,796,772,794
2018-11-30,796,796,780,780
2018-12-03,786,790,770,774
2018-12-04,770,796,756,770
2018-12-05,760,764,756,758
2018-12-06,756,770,756,770
2018-12-07,772,796,772,792
2018-12-10,794,808,780,794
2018-12-11,798,856,794,852
2018-12-12,858,870,846,856
2018-12-13,854,880,854,870
2018-12-14,870,884,860,878
2018-12-17,884,886,840,840
2018-12-18,840,840,818,824
2018-12-19,832,882,832,878
2018-12-20,878,886,866,870
2018-12-21,860,886,852,866
2018-12-26,866,866,842,856
2018-12-27,860,872,856,870
2018-12-28,876,878,858,858
2019-01-02,860,866,832,848
2019-01-03,860,866,848,852
2019-01-04,852,874,850,870
2019-01-07,880,930,880,930
2019-01-08,932,938,924,928
2019-01-09,936,936,910,910
2019-01-10,910,916,900,906
2019-01-11,906,914,900,900
2019-01-14,900,904,878,886
2019-01-15,888,898,888,890
2019-01-16,892,908,892,906
2019-01-17,910,914,892,896
2019-01-18,902,950,896,950
2019-01-21,956,960,916,918
2019-01-22,918,920,890,896
2019-01-23,894,904,890,898
2019-01-24,904,954,902,938
2019-01-25,946,986,946,980
2019-01-28,982,1020,982,1020
2019-01-29,1020,1030,998,1020
2019-01-30,1020,1035,1000,1010
2019-01-31,1015,1060,1015,1050
2019-02-01,1055,1120,1055,1085
2019-02-04,1085,1105,1055,1080
2019-02-06,1090,1120,1085,1110
2019-02-07,1110,1110,1070,1075
2019-02-08,1075,1085,1060,1070
2019-02-11,1070,1095,1070,1070
2019-02-12,1075,1085,1030,1070
2019-02-13,1080,1100,1055,1090
2019-02-14,1090,1170,1090,1155
2019-02-15,1160,1170,1105,1145
2019-02-18,1150,1160,1105,1135
2019-02-19,1140,1145,1105,1110
2019-02-20,1125,1165,1120,1145
2019-02-21,1160,1175,1115,1150
2019-02-22,1150,1160,1140,1150
2019-02-25,1160,1160,1135,1135
2019-02-26,1135,1150,1035,1095
2019-02-27,1100,1115,1050,1070
2019-02-28,1075,1135,1075,1110
2019-03-01,1125,1130,1100,1110
2019-03-04,1105,1115,1065,1100
2019-03-05,1090,1100,1075,1090
2019-03-06,1095,1105,1080,1100
2019-03-08,1110,1110,1035,1055
2019-03-11,1035,1055,1010,1025
2019-03-12,1025,1100,1020,1055
2019-03-13,1060,1095,1045,1085
2019-03-14,1085,1095,1060,1060
2019-03-15,1060,1090,1045,1090
2019-03-18,1100,1110,1050,1060
2019-03-19,1060,1060,962,964
2019-03-20,968,982,930,948
2019-03-21,950,956,934,938
2019-03-22,942,948,916,926
2019-03-25,922,922,890,900
2019-03-26,904,976,896,956
2019-03-27,964,972,942,970
2019-03-28,964,966,952,954
2019-03-29,960,964,940,944
2019-04-01,954,956,938,950
2019-04-02,952,966,950,954
2019-04-04,954,960,948,948
2019-04-05,950,954,940,954
2019-04-08,954,954,930,944
2019-04-09,944,958,944,944
2019-04-10,944,974,944,974
2019-04-11,974,990,974,978
2019-04-12,972,980,936,944
2019-04-15,956,956,932,940
2019-04-16,940,942,920,922
2019-04-18,930,966,930,950
2019-04-22,954,962,950,956
2019-04-23,954,958,944,948
2019-04-24,946,950,942,946
2019-04-25,940,944,912,918
2019-04-26,912,912,894,896
2019-04-29,894,910,888,910
2019-04-30,900,906,878,890
2019-05-02,888,890,812,830
2019-05-03,824,832,814,826
2019-05-06,814,856,808,854
2019-05-07,854,862,842,858
2019-05-08,856,856,838,846
2019-05-09,846,858,840,850
2019-05-10,846,846,822,830
2019-05-13,830,830,810,810
2019-05-14,800,804,782,800
2019-05-15,806,806,790,798
2019-05-16,794,798,782,792
2019-05-17,790,804,776,780
2019-05-20,788,788,762,764
2019-05-21,774,804,764,798
2019-05-22,800,818,794,814
2019-05-23,814,834,800,800
2019-05-24,802,818,800,804
2019-05-27,804,814,802,814
2019-05-28,814,828,798,828
2019-05-29,824,824,800,802
2019-05-31,802,810,786,796
2019-06-10,796,820,792,800
2019-06-11,800,812,796,800
2019-06-12,796,846,796,842
2019-06-13,850,908,850,902
2019-06-14,906,916,862,876
2019-06-17,876,876,852,856
2019-06-18,860,870,842,848
2019-06-19,868,876,856,856
2019-06-20,866,866,846,854
2019-06-21,866,872,846,848
2019-06-24,844,848,820,824
2019-06-25,830,836,820,824
2019-06-26,820,830,814,818
2019-06-27,820,822,814,814
2019-06-28,818,822,814,818
2019-07-01,822,828,806,816
2019-07-02,820,848,814,838
2019-07-03,844,856,828,850
2019-07-04,854,866,850,852
2019-07-05,856,858,828,830
2019-07-08,830,832,820,828
2019-07-09,836,840,820,828
2019-07-10,836,884,836,882
2019-07-11,888,888,860,862
2019-07-12,868,878,848,860
2019-07-15,864,864,840,850
2019-07-16,850,858,834,838
2019-07-17,840,856,834,836
2019-07-18,840,842,834,834
2019-07-19,840,864,838,858
2019-07-22,856,858,822,822
2019-07-23,824,830,810,814
2019-07-24,816,824,812,818
2019-07-25,820,834,818,818
2019-07-26,816,818,786,800
2019-07-29,800,800,776,776
2019-07-30,782,788,770,786
2019-07-31,782,802,782,800
2019-08-01,796,800,780,800
2019-08-02,798,812,788,812
2019-08-05,802,802,766,778
2019-08-06,762,762,734,750
2019-08-07,754,758,742,754
2019-08-08,754,754,738,750
2019-08-09,758,766,752,766
2019-08-12,768,778,766,772
2019-08-13,766,768,754,756
2019-08-14,762,804,762,800
2019-08-15,796,796,772,794
2019-08-16,796,800,784,794
2019-08-19,796,816,782,808
2019-08-20,818,820,798,802
2019-08-21,790,802,790,800
2019-08-22,800,814,790,812
2019-08-23,816,826,796,806
2019-08-26,800,820,780,818
2019-08-27,818,828,812,816
2019-08-28,816,854,816,852
2019-08-29,854,864,840,850
2019-08-30,850,854,822,854
2019-09-02,854,860,840,848
2019-09-03,848,858,846,854
2019-09-04,854,858,838,846
2019-09-05,850,850,828,828
2019-09-06,828,832,802,828
2019-09-09,826,828,808,818
2019-09-10,820,826,814,814
2019-09-11,812,818,804,818
2019-09-12,818,820,806,808
2019-09-13,814,816,802,806
2019-09-16,818,830,796,802
2019-09-17,808,808,790,794
2019-09-18,794,796,782,794
2019-09-19,794,794,782,782
2019-09-20,790,794,782,782
2019-09-23,784,790,768,768
2019-09-24,768,768,756,756
2019-09-25,756,756,742,744
2019-09-26,744,746,740,744
2019-09-27,744,744,736,738
2019-09-30,740,768,740,760
2019-10-01,764,768,752,756
2019-10-02,756,762,748,752
2019-10-03,748,786,740,784
2019-10-04,790,820,790,818
2019-10-07,818,826,804,824
2019-10-08,828,846,828,840
2019-10-09,846,852,824,840
2019-10-10,840,860,836,846
2019-10-11,850,870,842,866
2019-10-14,866,870,838,852
2019-10-15,852,854,832,836
2019-10-16,836,854,836,846
2019-10-17,850,858,844,848
2019-10-18,850,850,834,836
2019-10-21,836,838,810,816
2019-10-22,816,828,810,816
2019-10-23,816,816,786,788
2019-10-24,790,798,784,790
2019-10-25,790,810,782,784
2019-10-28,782,788,770,780
2019-10-29,782,806,782,802
2019-10-30,804,814,802,812
2019-10-31,814,814,788,792
2019-11-01,784,786,768,780
2019-11-04,776,786,770,778
2019-11-05,778,784,768,772
2019-11-06,772,776,764,774
2019-11-07,774,780,758,774
2019-11-08,774,780,756,756
2019-11-11,756,762,744,748
2019-11-12,748,768,746,760
2019-11-13,760,770,750,750
2019-11-14,752,752,736,740
2019-11-15,740,752,736,736
2019-11-18,738,740,712,728
2019-11-19,728,744,720,736
2019-11-20,740,748,736,740
2019-11-21,740,740,706,708
2019-11-22,706,706,660,674
2019-11-25,678,680,660,662
2019-11-26,668,688,664,666
2019-11-27,666,676,660,660
2019-11-28,664,672,644,650
2019-11-29,644,684,644,680
2019-12-02,694,740,686,738
2019-12-03,734,738,706,726
2019-12-04,712,730,712,726
2019-12-05,726,756,726,754
2019-12-06,754,758,740,754
2019-12-09,756,756,736,742
2019-12-10,740,746,734,744
2019-12-11,744,758,744,750
2019-12-12,754,756,740,754
2019-12-13,758,770,754,768
2019-12-16,768,778,756,774
2019-12-17,774,778,766,774
2019-12-18,774,778,766,778
2019-12-19,774,786,774,784
2019-12-20,780,802,780,796
2019-12-23,800,800,790,792
2019-12-26,800,800,782,794
2019-12-27,794,794,768,774
2019-12-30,774,794,770,790
2020-01-02,790,798,770,780
2020-01-03,780,786,756,758
2020-01-06,758,758,728,728
2020-01-07,738,740,698,706
2020-01-08,700,716,698,712
2020-01-09,716,726,714,720
2020-01-10,724,730,720,722
2020-01-13,724,724,714,720
2020-01-14,720,724,704,708
2020-01-15,708,724,690,700
2020-01-16,700,704,690,694
2020-01-17,698,704,686,686
2020-01-20,686,692,674,680
2020-01-21,684,684,672,674
2020-01-22,674,688,672,678
2020-01-23,680,682,674,676
2020-01-24,678,708,678,698
2020-01-27,698,700,682,684
2020-01-28,680,700,650,692
2020-01-29,696,696,672,680
2020-01-30,680,686,664,668
2020-01-31,668,676,662,662
2020-02-03,658,658,630,632
2020-02-04,644,650,630,640
2020-02-05,646,650,634,646
2020-02-06,642,662,642,662
2020-02-07,662,686,656,680
2020-02-10,670,672,644,658
2020-02-11,664,664,644,650
2020-02-12,650,650,616,624
2020-02-13,624,624,604,610
2020-02-14,606,610,588,608
2020-02-17,608,614,600,614
2020-02-18,612,626,608,620
2020-02-19,620,622,600,608
2020-02-20,612,622,608,612
2020-02-21,616,616,594,610
2020-02-24,584,602,584,598
2020-02-25,588,598,584,594
2020-02-26,584,592,570,578
2020-02-27,568,572,536,550
2020-02-28,534,534,478,530
2020-03-02,524,536,502,510
2020-03-03,526,528,506,510
2020-03-04,506,524,492,508
2020-03-05,514,530,506,508
2020-03-06,506,506,484,486
2020-03-09,442,476,424,454
2020-03-10,444,460,430,434
2020-03-11,434,440,394,400
2020-03-12,378,386,361,370
2020-03-13,360,364,345,361
2020-03-16,358,385,336,336
2020-03-17,320,341,313,340
2020-03-18,320,341,317,319
2020-03-19,312,340,297,340
2020-03-20,321,330,317,320
2020-03-23,303,318,298,299
2020-03-24,292,345,281,345
2020-03-26,332,380,332,380
2020-03-27,380,420,380,412
2020-03-30,412,412,384,384
2020-03-31,374,397,372,395
2020-04-01,385,395,379,386
2020-04-02,376,384,370,384
2020-04-03,390,397,382,393
2020-04-06,393,430,392,430
2020-04-07,446,464,414,430
2020-04-08,430,430,400,400
2020-04-09,410,410,378,394
2020-04-13,394,410,384,404
2020-04-14,414,418,400,412
2020-04-15,420,420,384,386
2020-04-16,386,393,362,367
2020-04-17,372,379,367,376
2020-04-20,376,383,366,373
2020-04-21,373,373,352,355
2020-04-22,355,414,339,414
2020-04-23,420,450,410,428
2020-04-24,440,440,399,406
2020-04-27,406,416,399,410
2020-04-28,410,474,410,454
2020-04-29,460,466,434,448
2020-04-30,450,482,450,480
2020-05-04,470,470,448,456
2020-05-05,460,480,460,468
2020-05-06,480,492,468,490
2020-05-08,500,504,466,496
2020-05-11,496,520,496,504
2020-05-12,506,518,482,492
2020-05-13,486,486,462,476
2020-05-14,476,486,446,450
2020-05-15,454,464,426,448
2020-05-18,460,460,434,448
2020-05-19,450,476,450,456
2020-05-20,470,470,432,442
2020-05-26,448,478,442,476
2020-05-27,486,490,476,484
2020-05-28,490,498,478,494
2020-05-29,494,494,470,470
2020-06-02,466,492,466,488
2020-06-03,488,504,488,490
2020-06-04,500,506,478,486
2020-06-05,490,494,482,490
2020-06-08,498,534,494,528
2020-06-09,540,540,502,504
2020-06-10,504,504,470,470
2020-06-11,470,470,440,462
2020-06-12,448,482,432,482
2020-06-15,482,492,464,472
2020-06-16,476,516,476,516
2020-06-17,520,520,504,514
2020-06-18,512,514,496,508
2020-06-19,520,534,512,518
2020-06-22,518,520,504,506
2020-06-23,508,514,498,502
2020-06-24,506,526,500,520
2020-06-25,520,520,500,500
2020-06-26,508,514,498,506
2020-06-29,506,508,496,498
2020-06-30,508,514,500,508
2020-07-01,510,510,490,496
2020-07-02,496,502,490,496
2020-07-03,496,502,494,498
2020-07-06,488,502,488,500
2020-07-07,502,514,490,498
2020-07-08,498,504,496,498
2020-07-09,500,506,490,496
2020-07-10,498,504,480,484
2020-07-13,486,494,480,492
2020-07-14,492,498,484,490
2020-07-15,494,502,494,496
2020-07-16,496,500,492,496
2020-07-17,500,500,488,496
2020-07-20,496,498,486,492
2020-07-21,494,500,494,498
2020-07-22,500,546,500,540
2020-07-23,544,548,530,544
2020-07-24,546,546,522,528
2020-07-27,536,578,532,570
2020-07-28,574,578,562,564
2020-07-29,560,578,560,570
2020-07-30,580,586,570,576
2020-08-03,578,580,544,556
2020-08-04,560,566,548,560
2020-08-05,560,562,542,554
2020-08-06,560,566,554,556
2020-08-07,556,566,550,554
2020-08-10,554,558,548,556
2020-08-11,560,592,558,574
2020-08-12,576,580,564,572
2020-08-13,580,592,562,568
2020-08-14,568,572,562,562
2020-08-18,562,568,562,568
2020-08-19,568,572,560,566
2020-08-24,566,590,562,586
2020-08-25,590,614,588,612
2020-08-26,610,622,602,606
2020-08-27,606,608,586,590
2020-08-28,584,594,572,574
2020-08-31,580,584,572,580
2020-09-01,580,602,578,590
2020-09-02,594,596,586,592
2020-09-03,592,592,564,572
2020-09-04,564,584,550,570
2020-09-07,564,576,556,570
2020-09-08,570,572,562,570
2020-09-09,560,570,556,566
2020-09-10,558,558,528,528
2020-09-11,494,558,494,550
2020-09-14,554,570,554,568
2020-09-15,570,572,544,548
2020-09-16,550,558,548,556
2020-09-17,562,562,536,540
2020-09-18,544,550,540,548
2020-09-21,548,564,528,532
2020-09-22,520,526,508,518
2020-09-23,528,530,500,510
2020-09-24,502,510,490,502
2020-09-25,504,526,504,522
2020-09-28,528,530,518,520
2020-09-29,518,526,506,506
2020-09-30,502,514,496,510
2020-10-01,514,524,510,522
2020-10-02,524,524,506,514
2020-10-05,520,522,510,522
2020-10-06,530,538,530,532
2020-10-07,534,536,520,520
2020-10-08,528,528,520,522
2020-10-09,522,528,520,524
2020-10-12,524,534,524,528
2020-10-13,530,532,522,530
2020-10-14,530,546,530,542
2020-10-15,546,548,534,536
2020-10-16,536,542,530,536
2020-10-19,536,548,534,536
2020-10-20,534,542,522,536
2020-10-21,538,540,530,530
2020-10-22,530,536,522,524
2020-10-23,530,532,524,526
2020-10-26,524,532,522,528
2020-10-27,532,546,532,536
2020-11-02,534,534,520,522
2020-11-03,526,528,514,518
2020-11-04,518,522,514,514
2020-11-05,518,522,514,520
2020-11-06,526,544,522,544
2020-11-09,550,554,534,542
2020-11-10,552,570,550,568
2020-11-11,572,584,568,572
2020-11-12,572,576,558,564
2020-11-13,564,568,556,564
2020-11-16,570,578,566,570
2020-11-17,576,580,568,570
2020-11-18,570,570,558,562
2020-11-19,562,582,558,582
2020-11-20,586,602,586,590
2020-11-23,592,594,584,588
2020-11-24,592,598,586,586
2020-11-25,596,598,578,580
2020-11-26,584,588,576,580
2020-11-27,584,586,578,580
2020-11-30,590,626,560,582
2020-12-01,588,606,570,598
2020-12-02,610,618,602,614
2020-12-03,616,620,612,618
2020-12-04,618,624,604,622
2020-12-07,628,686,626,680
2020-12-08,680,684,654,662
2020-12-10,666,670,646,660
2020-12-11,670,670,664,664
2020-12-14,668,670,658,658
2020-12-15,656,658,638,656
2020-12-16,660,664,654,656
2020-12-17,658,720,658,676
2020-12-18,680,686,668,674
2020-12-21,676,710,676,708
2020-12-22,710,712,660,662
2020-12-23,666,676,622,648
2020-12-28,648,672,634,662
2020-12-29,674,676,650,654
2020-12-30,656,658,632,636
2021-01-04,640,656,612,654
2021-01-05,648,654,638,646
2021-01-06,656,666,628,636
2021-01-07,644,684,642,682
2021-01-08,688,692,676,678
2021-01-11,680,698,672,674
2021-01-12,674,680,654,662
2021-01-13,680,680,660,668
2021-01-14,672,674,662,668
2021-01-15,666,666,642,652
2021-01-18,650,652,640,644
2021-01-19,640,674,628,652
2021-01-20,654,666,644,664
2021-01-21,668,676,652,658
2021-01-22,658,660,620,626
2021-01-25,626,626,602,610
2021-01-26,610,612,572,588
2021-01-27,592,610,580,596
2021-01-28,596,596,556,562
2021-01-29,570,588,554,568
2021-02-01,586,606,562,600
2021-02-02,610,648,604,648
2021-02-03,650,674,644,674
2021-02-04,680,690,678,682
2021-02-05,682,708,682,700
2021-02-08,704,708,674,676
2021-02-09,680,684,638,650
2021-02-10,650,666,642,658
2021-02-11,662,666,652,664
2021-02-15,678,686,670,678
2021-02-16,684,710,680,690
2021-02-17,690,698,680,694
2021-02-18,700,702,688,692
2021-02-19,688,694,678,694
2021-02-22,698,700,688,690
2021-02-23,694,704,692,694
2021-02-24,694,694,662,666
2021-02-25,676,686,672,686
2021-02-26,674,680,656,674
2021-03-01,674,676,654,676
2021-03-02,678,680,664,668
2021-03-03,666,688,656,676
2021-03-04,674,690,666,676
2021-03-05,670,692,668,680
2021-03-08,694,748,690,744
2021-03-09,748,754,722,728
2021-03-10,726,734,708,714
2021-03-12,726,728,716,718
2021-03-15,722,732,714,718
2021-03-16,720,722,694,698
2021-03-17,698,702,674,676
2021-03-18,680,688,668,674
2021-03-19,670,682,668,676
2021-03-22,678,686,674,674
2021-03-23,674,680,656,664
2021-03-24,658,658,642,646
2021-03-25,656,672,642,652
2021-03-26,658,676,658,676
2021-03-29,680,684,654,654
2021-03-30,654,660,634,638
2021-03-31,632,656,632,644
2021-04-01,656,660,638,642
2021-04-05,646,650,634,644
2021-04-06,650,650,640,648
2021-04-07,650,652,644,648
2021-04-08,652,664,648,652
2021-04-09,654,658,646,646
2021-04-12,650,650,624,626
2021-04-13,626,634,616,622
2021-04-14,624,636,618,634
2021-04-15,640,642,626,628
2021-04-16,628,634,622,626
2021-04-19,646,646,630,632
2021-04-20,630,636,622,628
2021-04-21,624,630,622,624
2021-04-22,626,630,620,622
2021-04-23,626,654,622,650
2021-04-26,656,662,640,644
2021-04-27,644,646,634,638
2021-04-28,638,640,628,630
2021-04-29,636,652,634,648
2021-04-30,656,660,648,654
2021-05-03,654,658,636,654
2021-05-04,650,654,646,650
2021-05-05,658,670,650,668
2021-05-06,668,674,662,674
2021-05-07,674,676,646,648
2021-05-10,650,662,646,658
2021-05-11,646,648,638,644
2021-05-17,642,646,624,626
2021-05-18,626,636,622,634
2021-05-19,630,634,624,628
2021-05-20,624,634,624,628
2021-05-21,630,636,624,624
2021-05-24,624,630,610,622
2021-05-25,622,646,622,644
2021-05-27,644,650,636,644
2021-05-28,644,650,640,648
2021-05-31,648,652,644,648
2021-06-02,654,666,652,666
2021-06-03,666,670,658,668
2021-06-04,668,668,644,654
2021-06-07,654,666,648,662
2021-06-08,662,662,636,648
2021-06-09,650,652,630,632
2021-06-10,634,646,630,644
2021-06-11,646,648,634,640
2021-06-14,642,646,636,640
2021-06-15,640,646,634,646
2021-06-16,646,646,638,644
2021-06-17,642,642,630,630
2021-06-18,628,634,602,626
2021-06-21,620,620,596,616
2021-06-22,620,634,618,626
2021-06-23,628,628,618,618
2021-06-24,620,622,604,610
2021-06-25,610,616,604,612
2021-06-28,612,620,604,610
2021-06-29,608,618,606,618
2021-06-30,618,630,616,630
2021-07-01,630,632,620,632
2021-07-02,634,638,622,626
2021-07-05,630,630,606,610
2021-07-06,612,640,612,638
2021-07-07,638,642,626,626
2021-07-08,626,632,620,622
2021-07-09,626,628,616,618
2021-07-12,618,626,610,610
2021-07-13,616,616,610,612
2021-07-14,610,614,600,608
2021-07-15,608,612,606,608
2021-07-16,612,672,612,668
2021-07-19,668,704,668,692
2021-07-21,692,698,660,666
2021-07-22,676,696,672,680
2021-07-23,682,708,682,700
2021-07-26,702,714,692,702
2021-07-27,712,726,710,712
2021-07-28,712,712,702,706
2021-07-29,708,722,708,718
2021-07-30,720,726,708,720
2021-08-02,722,738,686,706
2021-08-03,706,716,694,710
2021-08-04,700,710,698,710
2021-08-05,710,710,690,690
2021-08-06,698,698,686,696
2021-08-09,694,696,684,690
2021-08-10,690,700,680,700
2021-08-12,704,714,696,708
2021-08-13,712,748,712,744
2021-08-16,752,752,726,740
2021-08-18,740,766,732,738
2021-08-19,738,740,714,720
2021-08-20,720,730,718,728
2021-08-23,740,766,730,766
2021-08-24,772,778,758,770
2021-08-25,768,768,744,750
2021-08-26,756,756,734,744
2021-08-27,744,768,740,762
2021-08-30,768,778,762,770
2021-08-31,780,788,770,778
2021-09-01,780,780,768,774
2021-09-02,774,780,764,770
2021-09-03,776,776,760,768
2021-09-06,772,792,766,778
2021-09-07,788,788,770,778
2021-09-08,776,780,728,732
2021-09-09,730,758,728,754
2021-09-10,754,754,746,748
2021-09-13,748,756,746,756
2021-09-14,758,784,758,780
2021-09-15,780,780,764,772
2021-09-16,772,784,772,780
2021-09-17,780,780,770,776
2021-09-20,780,780,766,772
2021-09-21,770,780,760,774
2021-09-22,782,810,778,798
2021-09-23,804,824,804,820
2021-09-24,824,848,816,826
2021-09-27,828,840,820,826
2021-09-28,826,834,796,814
2021-09-29,800,830,800,830
2021-09-30,832,872,830,872
2021-10-01,872,874,856,868
2021-10-04,870,890,856,890
2021-10-05,890,898,878,882
2021-10-06,886,890,868,876
2021-10-07,876,894,818,828
2021-10-08,836,880,834,880
2021-10-11,884,888,876,882
2021-10-12,882,882,866,882
2021-10-13,882,882,862,866
2021-10-14,868,888,858,868
2021-10-15,868,872,854,856
2021-10-18,856,884,856,878
2021-10-19,882,884,870,874
2021-10-21,868,900,868,884
2021-10-22,890,944,890,932
2021-10-25,940,944,932,938
2021-10-26,938,944,924,930
2021-10-27,930,934,882,892
2021-10-28,880,884,836,846
2021-10-29,850,860,846,854
2021-11-01,854,858,830,840
2021-11-02,844,846,834,844
2021-11-03,844,848,832,836
2021-11-04,838,850,836,840
2021-11-05,846,856,830,830
2021-11-08,834,858,834,858
2021-11-09,862,884,862,868
2021-11-10,870,888,870,882
2021-11-11,890,894,874,874
2021-11-12,876,880,866,866
2021-11-15,866,874,854,866
2021-11-16,866,880,862,880
2021-11-17,884,886,860,860
2021-11-18,860,870,838,842
2021-11-19,842,844,832,836
2021-11-22,836,838,790,818
2021-11-23,818,838,812,834
2021-11-24,834,872,834,860
2021-11-25,862,862,830,834
2021-11-26,828,842,810,826
2021-11-29,820,820,794,798
2021-11-30,798,806,790,794
2021-12-01,794,838,790,838
2021-12-02,838,838,818,826
2021-12-03,830,842,822,838
2021-12-06,838,846,834,838
2021-12-07,842,852,840,852
2021-12-08,852,866,844,858
2021-12-09,858,868,858,866
2021-12-10,870,870,850,858
2021-12-13,858,864,850,850
2021-12-14,850,864,836,846
2021-12-15,846,856,836,850
2021-12-16,854,870,844,844
2021-12-17,852,862,846,860
2021-12-20,860,886,842,880
2021-12-21,884,890,842,844
2021-12-22,848,850,806,806
2021-12-23,806,830,806,822
2021-12-24,822,822,812,816
2021-12-27,816,822,814,816
2021-12-28,820,826,816,824
2021-12-29,828,830,818,818
2021-12-30,818,828,814,822
2022-01-03,822,876,820,872
2022-01-04,872,872,836,840
2022-01-05,838,840,824,824
2022-01-06,824,838,824,832
2022-01-07,836,868,836,858
2022-01-10,862,882,846,860
2022-01-11,860,874,836,840
2022-01-12,840,845,795,820
2022-01-13,820,845,820,845
2022-01-14,845,845,820,825
2022-01-17,830,840,800,810
2022-01-18,815,820,800,810
2022-01-19,805,805,780,785
2022-01-20,785,785,750,755
2022-01-21,760,800,760,800
2022-01-24,800,810,785,795
2022-01-25,795,800,770,775
2022-01-26,775,780,725,730
2022-01-27,735,740,700,710
2022-01-28,710,740,705,735
2022-01-31,740,745,720,730
2022-02-02,735,740,710,725
2022-02-03,730,740,715,725
2022-02-04,720,735,715,720
2022-02-07,720,765,720,755
2022-02-08,760,765,740,750
2022-02-09,750,755,730,735
2022-02-10,735,740,705,705
2022-02-11,710,710,690,700
2022-02-14,700,710,685,695
2022-02-15,695,715,690,695
2022-02-16,705,725,700,725
2022-02-17,735,735,715,730
2022-02-18,730,745,720,740
2022-02-21,740,750,735,745
2022-02-22,745,755,725,735
2022-02-23,730,745,725,740
2022-02-24,740,795,735,785
2022-02-25,795,800,750,755
2022-03-01,765,765,725,740
2022-03-02,750,765,740,750
2022-03-04,760,765,745,755
2022-03-07,760,795,755,795
2022-03-08,795,815,790,795
2022-03-09,800,810,795,810
2022-03-10,800,810,775,795
2022-03-11,800,800,785,795
2022-03-14,800,800,790,795
2022-03-15,795,805,785,800
2022-03-16,800,815,795,805
2022-03-17,810,810,795,810
2022-03-18,815,840,810,835
2022-03-21,845,845,820,830
2022-03-22,835,840,825,830
2022-03-23,835,900,830,885
2022-03-24,890,890,875,880
2022-03-25,880,930,880,920
2022-03-28,920,965,920,960
2022-03-29,965,970,925,930
2022-03-30,930,945,895,900
2022-03-31,900,930,890,910
2022-04-01,910,925,900,925
2022-04-04,925,935,915,915
2022-04-05,915,930,910,930
2022-04-06,935,935,910,925
2022-04-07,925,935,915,920
2022-04-08,920,930,910,920
2022-04-11,920,955,920,920
2022-04-12,920,930,865,910
2022-04-13,910,935,910,930
2022-04-14,935,950,920,930
2022-04-18,930,945,930,940
2022-04-19,950,955,940,950
2022-04-20,950,960,930,935
2022-04-21,940,1035,935,1025
2022-04-22,1020,1030,970,985
2022-04-25,965,990,945,980
2022-04-26,980,1020,960,1020
2022-04-27,1030,1030,990,995
2022-04-28,995,1080,990,1070
2022-05-09,1070,1095,1030,1085
2022-05-10,1080,1090,1040,1085
2022-05-11,1090,1120,1085,1090
2022-05-12,1095,1095,1015,1020
2022-05-13,1020,1040,995,1005
2022-05-17,1020,1050,995,1020
2022-05-18,1030,1040,1010,1020
2022-05-19,1020,1055,1000,1050
2022-05-20,1060,1065,1025,1025
2022-05-23,1025,1040,1005,1005
2022-05-24,1005,1035,975,1005
2022-05-25,1005,1030,1000,1020
2022-05-27,1040,1040,1010,1015
2022-05-30,1015,1035,1010,1035
2022-05-31,1050,1140,1035,1120
2022-06-02,1130,1140,1070,1070
2022-06-03,1080,1095,1055,1070
2022-06-06,1070,1115,1060,1115
2022-06-07,1120,1125,1095,1105
2022-06-08,1110,1120,1080,1105
2022-06-09,1110,1215,1110,1170
2022-06-10,1165,1195,1140,1195
2022-06-13,1195,1195,1150,1160
2022-06-14,1160,1185,1125,1155
2022-06-15,1160,1195,1145,1180
2022-06-16,1200,1200,1165,1165
2022-06-17,1155,1165,1105,1105
2022-06-20,1100,1115,1035,1050
2022-06-21,1050,1100,1035,1075
2022-06-22,1085,1115,1065,1065
2022-06-23,1040,1095,1040,1065
2022-06-24,1065,1080,1055,1060
2022-06-27,1065,1090,1060,1070
2022-06-28,1070,1080,1050,1055
2022-06-29,1060,1060,1035,1035
2022-06-30,1030,1050,1025,1030
2022-07-01,1025,1035,960,960
2022-07-04,960,1005,895,900
2022-07-05,900,955,900,935
2022-07-06,935,955,925,950
2022-07-07,950,980,950,960
2022-07-08,960,1045,960,1020
2022-07-11,1020,1075,1020,1070
2022-07-12,1070,1090,1060,1065
2022-07-13,1065,1075,1040,1050
2022-07-14,1050,1050,1010,1040
2022-07-15,1030,1050,995,1015
2022-07-18,1020,1065,1015,1015
2022-07-19,1025,1105,1020,1100
2022-07-20,1100,1130,1090,1095
2022-07-21,1095,1105,1080,1100
2022-07-22,1100,1105,1070,1080
2022-07-25,1080,1115,1070,1095
2022-07-26,1115,1150,1080,1080
2022-07-27,1075,1120,1070,1105
2022-07-28,1110,1185,1110,1160
2022-07-29,1175,1250,1160,1250
2022-08-01,1260,1275,1225,1260
2022-08-02,1250,1260,1225,1250
2022-08-03,1250,1290,1220,1285
2022-08-04,1280,1285,1250,1265
2022-08-05,1285,1285,1190,1200
2022-08-08,1200,1220,1175,1180
2022-08-09,1175,1215,1165,1210
2022-08-10,1175,1245,1175,1180
2022-08-11,1190,1220,1185,1215
2022-08-12,1220,1230,1180,1190
2022-08-15,1195,1200,1170,1185
2022-08-16,1185,1185,1150,1165
2022-08-18,1165,1165,1140,1160
2022-08-19,1200,1200,1155,1185
2022-08-22,1150,1205,1150,1170
2022-08-23,1165,1225,1165,1215
2022-08-24,1215,1240,1195,1215
2022-08-25,1215,1220,1190,1210
2022-08-26,1220,1240,1200,1230
2022-08-29,1220,1220,1175,1210
2022-08-30,1215,1255,1205,1220
2022-08-31,1210,1235,1165,1200
2022-09-01,1200,1200,1170,1180
2022-09-02,1180,1190,1140,1150
2022-09-05,1160,1205,1140,1195
2022-09-06,1200,1220,1190,1210
2022-09-07,1210,1230,1185,1200
2022-09-08,1200,1210,1175,1195
2022-09-09,1195,1200,1165,1200
2022-09-12,1200,1210,1190,1205
2022-09-13,1245,1260,1205,1255
2022-09-14,1245,1380,1205,1375
2022-09-15,1375,1445,1370,1410
2022-09-16,1405,1405,1320,1345
2022-09-19,1330,1455,1315,1405
2022-09-20,1410,1445,1390,1425
2022-09-21,1425,1430,1405,1420
2022-09-22,1415,1455,1400,1455
2022-09-23,1425,1450,1375,1400
2022-09-26,1385,1390,1305,1305
2022-09-27,1275,1375,1275,1375
2022-09-28,1370,1370,1330,1340
2022-09-29,1350,1355,1320,1330
2022-09-30,1325,1355,1310,1350
2022-10-03,1350,1350,1325,1345
2022-10-04,1355,1415,1355,1405
2022-10-05,1420,1430,1405,1415
2022-10-06,1420,1475,1405,1405
2022-10-07,1400,1405,1355,1365
2022-10-10,1365,1370,1330,1330
2022-10-11,1335,1420,1330,1410
2022-10-12,1420,1450,1375,1450
2022-10-13,1445,1460,1400,1410
2022-10-14,1415,1445,1410,1440
2022-10-17,1425,1430,1390,1410
2022-10-18,1420,1440,1405,1440
2022-10-19,1445,1480,1435,1450
2022-10-20,1445,1495,1435,1450
2022-10-21,1450,1455,1435,1435
2022-10-24,1450,1485,1435,1450
2022-10-25,1465,1485,1350,1360
2022-10-26,1365,1395,1345,1395
2022-10-27,1395,1465,1385,1425
2022-10-28,1425,1445,1415,1445
2022-10-31,1445,1560,1445,1560
2022-11-01,1560,1560,1455,1455
2022-11-02,1460,1500,1460,1495
2022-11-03,1495,1580,1495,1550
2022-11-04,1550,1555,1475,1515
2022-11-07,1540,1540,1490,1495
2022-11-08,1500,1510,1460,1470
2022-11-09,1475,1490,1445,1470
2022-11-10,1470,1470,1430,1460
2022-11-11,1470,1485,1440,1480
2022-11-14,1450,1480,1385,1385
2022-11-15,1390,1435,1365,1420
2022-11-16,1420,1430,1385,1405
2022-11-17,1410,1410,1310,1350
2022-11-18,1335,1380,1325,1365
2022-11-21,1365,1400,1350,1400
2022-11-22,1400,1420,1365,1390
2022-11-23,1390,1400,1375,1390
2022-11-24,1390,1395,1365,1365
2022-11-25,1365,1365,1340,1360
2022-11-28,1360,1370,1345,1370
2022-11-29,1370,1395,1365,1390
2022-11-30,1390,1405,1360,1385
2022-12-01,1385,1465,1385,1440
2022-12-02,1445,1455,1425,1450
2022-12-05,1450,1455,1400,1400
2022-12-06,1395,1395,1325,1360
2022-12-07,1360,1375,1330,1375
2022-12-08,1375,1375,1340,1360
2022-12-09,1365,1370,1335,1360
2022-12-12,1360,1385,1355,1380
2022-12-13,1390,1440,1380,1430
2022-12-14,1440,1445,1415,1420
2022-12-15,1425,1430,1400,1420
2022-12-16,1410,1420,1365,1380
2022-12-19,1360,1375,1315,1340
2022-12-20,1330,1370,1330,1355
2022-12-21,1350,1380,1340,1370
2022-12-22,1370,1410,1370,1400
2022-12-23,1400,1405,1380,1400
2022-12-26,1410,1410,1385,1395
2022-12-27,1395,1400,1380,1380
2022-12-28,1380,1420,1375,1420
2022-12-29,1415,1420,1395,1405
2022-12-30,1405,1430,1400,1400